0,1,2,3,4,5,6,7,8,9,10,11,12,13,14,15,16,17,18,19,20,21,22,23,24,25,26,27,28,29,30,31,32,33,34,35,36,37,38,39,40,41,42,43,44,45,46,47,48,49,50,51,52,53,54,55,56,57,58,59,60,61,62,63,64,65,66,67,68,69,70,71,72,73,74,75,76,77,78,79,80,81,82,83,84,85,86,87,88,89,90,91,92,93,94,95,96,97,98,99,100,101,102,103,104,105,106,107,108,109,110,111,112,113,114,115,116,117,118,119,120,121,122,123,124,125,126,127,128,129,130
H1291,L9273,H11271,H7743,H4799,H12451,H6310,L9821,L9886,H5044,L9864,H9471,H2025,L10160,H1477,H7270,H4199,L9056,H347,H3136,H1342,H8444,H2571,H1092,L6707,H981,H5369,H8763,L8799,H5271,L7266,H7665,H3317,L9876,H717,L6139,H4677,L6343,H5486,L7049,L6945,H3493,L7298,H4941,L8843,H8683,L9446,L10047,L8927,H3734,H1818,L10120,H3879,H1240,L6373,H5293,H564,H2413,L9507,L9692,L9437,H7828,L6964,H2921,L9218,H4416,H8405,L10101,L10263,L10241,L6854,H359,H1310,H1048,H4434,H0,H795,L710,H1611,H617,L9340,H2079,L8883,H84,L9634,H4576,H2063,H2706,H1532,H7432,L6503,H4502,H7861,H2042,L9233,L9026,H966,H3659,H4042,L6208,L8759,H4737,H185,H9577,H4816,H4719,H1145,H4749,L9654,H2267,H8610,H9240,H6152,H9488,H2560,,,,,,,,,,,,,,,,
H1331,L6563,H1104,L6504,L9764,L9941,H5302,H3554,H827,H603,H4704,H7780,H8294,H3891,H5734,H8391,H4360,H1241,H133,H71,H5755,H4327,H7498,H2845,L10333,H2479,L9171,H1206,H2333,H5139,H6750,L9797,H7288,L9360,H7709,H6047,L10048,H4557,H1,H796,H9531,H9545,L7167,L8800,H5487,H2515,,,,,,,,,,,,,,,,,,,,,,,,,,,,,,,,,,,,,,,,,,,,,,,,,,,,,,,,,,,,,,,,,,,,,,,,,,,,,,,,,,,,,
L8968,L7077,L8716,H744,H2,H7115,,,,,,,,,,,,,,,,,,,,,,,,,,,,,,,,,,,,,,,,,,,,,,,,,,,,,,,,,,,,,,,,,,,,,,,,,,,,,,,,,,,,,,,,,,,,,,,,,,,,,,,,,,,,,,,,,,,,,,,,,,,,,
H4909,L6776,L9810,H11065,H8921,H8671,H4801,H9008,H5542,H380,H2338,H3,,,,,,,,,,,,,,,,,,,,,,,,,,,,,,,,,,,,,,,,,,,,,,,,,,,,,,,,,,,,,,,,,,,,,,,,,,,,,,,,,,,,,,,,,,,,,,,,,,,,,,,,,,,,,,,,,,,,,,,
H1208,H4849,L7302,H485,L9397,H7667,H5354,H4225,H4693,L10350,H2400,H349,L10183,H917,H121,H7449,H12855,L9755,H9355,H761,L9029,L9204,L10030,H9730,H1785,H12795,H1294,H1085,L9344,L6947,H2270,H3156,L6347,H1650,H2179,H1665,H12623,H329,L9236,H7695,L9639,L10197,H2253,H706,H1373,H1051,H166,H12567,L10068,H11646,H661,L6228,H2066,H5320,H9452,H5015,H11534,H9473,L9326,H6180,H782,H4,H1012,L8982,H12840,H1709,H8739,L9483,L6605,H2879,L10051,H12638,L9095,H432,L9811,H497,L7318,,,,,,,,,,,,,,,,,,,,,,,,,,,,,,,,,,,,,,,,,,,,,,,,,,,,,,
L8918,H1314,H7504,H2056,H217,H11551,H9891,H4289,H3929,L6306,L8984,L10185,H2576,H8116,L6349,H2482,H2695,H909,L8791,L6838,L9776,L10021,H4929,L7010,L10137,H2468,H2306,H1771,H4346,L9279,H486,L9640,L7303,H10061,L9121,H10295,H582,L9985,H5323,H3322,H8011,H5018,H4047,H604,H4744,L7232,H113,L10391,L9472,H784,H2000,H4087,H9083,H7006,L9888,L9205,L9346,H1911,H1123,L7587,H1694,H7121,H189,H8560,H1027,H9182,H3965,L6607,H8962,H2151,H6603,H9261,H9612,H1147,L7348,H5,H1376,H9194,H4275,L7395,L9926,H5688,L9998,H3663,L9947,H732,H61,H3710,H1738,L9175,L9361,H2272,H1109,H1014,L8886,H2323,L9010,H1052,H8523,H2085,L9292,H8133,H1431,L7080,L10199,,,,,,,,,,,,,,,,,,,,,,,,,,
H5952,L9347,L8999,H5816,H9160,H7785,H9603,L10255,H12574,H5183,H5645,H3516,H12590,H10536,H6,H8817,H1110,H8232,H3536,H10557,H1636,L6971,H998,H1495,H1334,H3500,H2456,H8951,H2180,L10392,H749,L9457,H3677,H1260,H4088,L6729,H3021,L10229,H168,L10148,H3915,H9684,L10008,H605,H12914,H7968,H7644,L9695,H2628,L9868,H487,H8910,H1170,L6307,H382,H733,L8704,H1066,H154,H3853,H8979,L6397,H5465,L9889,H1682,H3441,H9294,H1185,H722,H5419,L8721,,,,,,,,,,,,,,,,,,,,,,,,,,,,,,,,,,,,,,,,,,,,,,,,,,,,,,,,,,,,
H5523,L9542,H2388,H1573,H5099,H7030,H815,H694,L9238,L9825,H4520,H1683,H180,H4565,L9161,H3756,H5934,L9428,H1171,H1886,H1403,H833,L6569,H6402,H1725,L10201,L9368,H1389,H1757,H799,L6287,H8549,H271,L7305,L7172,H3382,H919,H511,H1262,H1186,H7698,H444,H9373,L7112,H2154,L9913,L6591,L6440,L9383,H2849,H2001,L6890,H5451,L9766,H1773,L6782,H8,H4034,H4806,H9699,H1230,H8649,H7350,L10246,H4852,L9959,H9550,H1788,H1653,H1336,L9013,H556,H48,H5402,H4579,H219,H1847,H2168,L6398,H6604,H3001,H9651,L10312,,,,,,,,,,,,,,,,,,,,,,,,,,,,,,,,,,,,,,,,,,,,,,,,
H4099,H8000,H9571,H4262,H1603,H7831,L10127,H5208,L9855,H3807,H5913,L9048,H1574,H499,H7719,L9314,H142,H5127,L8985,H6333,L6353,H1075,H181,H2259,L9459,H848,H8704,H289,H5082,H459,H104,L9709,H2244,H9687,L8888,H1357,L10090,H156,H7124,H6206,L6700,H1913,H929,H1338,H7572,H2867,H4424,H3648,H1160,H1759,L9349,H9,L9602,H1684,H2458,H4349,H8397,H1202,H1001,L10256,H2352,H250,L9070,H5308,L9240,H570,L10352,H1299,H2389,H584,L10291,H9300,L6844,H5878,H1390,H624,,,,,,,,,,,,,,,,,,,,,,,,,,,,,,,,,,,,,,,,,,,,,,,,,,,,,,,
H1872,H1685,H1452,H10064,L7461,H207,H817,H3832,H8329,L6526,H8186,H3274,L6382,H1300,H8772,H2326,L6514,H9688,H765,H8745,H5678,H1824,H10,L7350,H4854,H8651,H2260,H10540,H8081,H10012,H4808,H3430,L10328,L10056,H1604,L9283,H9454,L7085,L6442,L8934,H4381,H2207,H105,H1391,L8832,H898,H366,H9066,H9702,H4335,L9675,L9736,H7439,L8850,L577,H886,L9869,L7099,L6330,L6901,H6240,H3399,H29,L9268,L528,H695,L9696,H8894,L10010,H4888,H5610,H1212,H8242,H8062,H1470,H9572,L8889,H7972,H4460,H1055,H4404,L9135,L6731,H1405,L9502,L8737,H2310,H9034,H5525,H6422,H9539,H4825,L9460,H3899,H3221,H1247,H8836,H11649,H5101,H7392,H4451,H2015,L9416,H597,H1161,H1618,H1017,,,,,,,,,,,,,,,,,,,,,,,,
H1728,H11376,L7055,H9456,L10152,L7280,H1686,L9892,H5820,H1235,H387,H4671,H8773,L10094,L6977,H4837,L6197,H1437,H1284,H3094,L9883,H558,L10129,H276,H5574,H9504,H5036,H9493,H8913,H9881,H170,H2235,L6233,H447,H5328,L9226,H4147,H4581,H2984,L10249,H9640,H12,L9390,L9179,H7467,H587,H462,H368,H8966,H4370,H788,H8401,L9614,H2017,H932,H3934,L10139,L10301,H4232,H6386,H9524,L6996,L6803,L10043,H2423,H2714,L6146,,,,,,,,,,,,,,,,,,,,,,,,,,,,,,,,,,,,,,,,,,,,,,,,,,,,,,,,,,,,,,,,
H5633,H4392,H3057,H4478,L8836,H933,H402,H5261,H277,H5329,H8603,L6734,H1544,H7374,H5287,H5679,L8936,H8774,H12217,L10153,L9180,H4960,L9781,H5585,H10214,H7127,H4218,L6218,H9431,H11243,H6723,H2582,H12579,H800,L6767,H9588,H66,L9138,H3979,H3599,H6318,L9053,H13,H971,H2404,H192,L7593,H8137,H12445,H1729,H9382,H4810,L9270,H6566,L10044,H9554,L6147,H1321,H1266,H6252,L10095,L9645,H9641,H3278,H4935,H920,H2886,H319,H5480,,,,,,,,,,,,,,,,,,,,,,,,,,,,,,,,,,,,,,,,,,,,,,,,,,,,,,,,,,,,,,
L9830,H2131,L9284,H9526,L9370,H3147,H7776,L6954,H9505,H389,H4776,H9432,L9920,H8306,H8576,H1622,H10361,H2733,H1487,H8436,L7431,L7383,H11412,H5729,H2507,H1236,H464,L9906,H1113,H1162,H3937,H6058,H10509,H8604,L9003,H5807,H4233,L8964,H820,L9241,H8588,H6459,H7660,L10166,L9256,L9989,H14,L9662,H1850,H5288,H9616,L6892,L9354,L9893,L10233,L9153,L9193,H709,H5445,H1730,H32,,,,,,,,,,,,,,,,,,,,,,,,,,,,,,,,,,,,,,,,,,,,,,,,,,,,,,,,,,,,,,,,,,,,,,
H320,L9831,H5977,H1217,H8605,H1592,H739,H7354,H5172,H9527,H15,H4234,H11454,H2224,H1962,H2277,H4292,L6813,H8307,L9573,H3685,H1323,H3744,H4762,H5497,H10998,L10190,H2074,H7835,L10382,H902,H7088,H8190,L7400,H3466,H9190,H4601,H5883,H4855,H2364,H1394,H2238,L9355,H4219,L9073,L9860,L9556,L8771,H1851,L9154,L6905,H4525,H8344,H3225,H3059,L7282,L9033,H12202,H7576,H1761,H9556,H963,H10332,H2035,H801,H4976,H370,H9248,H2047,H9481,H588,L6955,L10259,H4790,H6369,H4582,H654,H7823,H1303,H922,L169,H5808,H7622,H1268,H9654,L9762,L9404,L7086,H7442,H1607,H6253,H4306,L6475,H1888,H299,H8664,H2508,H8565,L10060,L8838,H4916,,,,,,,,,,,,,,,,,,,,,,,,,,,,,,
H4113,L10195,H2077,H12665,H3295,L9769,L8913,H118,H5149,H5394,H7905,L7150,H2315,H4467,H2785,H4798,H451,H3283,H5056,H2160,H9693,H1192,H9744,H1008,H5205,L8697,L6722,H4702,H995,H1459,L7329,H7458,L9577,H1222,L9373,H6392,H1493,H40,L10078,H2511,L10064,L9093,H9497,H2289,L9336,H1678,H19,H9659,H6109,H1967,H2720,L9652,H2228,H9469,H4675,H2095,H3169,L9445,H184,H8157,L10016,L8788,H244,H5314,L9298,L9022,L10002,H4140,H10338,H5042,L6389,H2623,H1983,H9408,H6005,H12848,H5812,H3747,H1045,L9055,L8868,L9232,,,,,,,,,,,,,,,,,,,,,,,,,,,,,,,,,,,,,,,,,,,,,,,,,
H20,L9094,,,,,,,,,,,,,,,,,,,,,,,,,,,,,,,,,,,,,,,,,,,,,,,,,,,,,,,,,,,,,,,,,,,,,,,,,,,,,,,,,,,,,,,,,,,,,,,,,,,,,,,,,,,,,,,,,,,,,,,,,,,,,,,,,
H1705,H593,H6729,H8697,H2292,H1880,H177,H327,H940,L10321,H551,H12414,H8362,H8101,L6552,H5412,H8088,L7404,H2550,H5871,H5231,H1996,H7402,L9410,H11259,L8730,L9714,H1971,H8556,H879,H4398,L10133,H4383,L6984,H7233,H3827,L10284,H5432,H3909,L7061,H4298,L8827,H8322,L6927,H602,H5640,H688,H1842,H397,H5656,L6739,L9246,H826,L9940,H534,H6376,H426,H3084,H1180,H2252,H9544,H10399,L8715,H3030,H1205,H7096,L9772,H633,H9661,L9040,H495,L7314,H3943,H466,H9647,H3973,L9808,L9796,L9324,L9969,H7417,H10747,H5348,H5138,H7636,H10094,H9597,H862,H756,H2215,H2147,H6996,L6434,L9116,L6619,L9725,H1858,H672,H1427,L6459,L8741,H5704,H10636,H7022,L8853,H1157,L6282,H3960,L9702,H5122,H5733,H8146,L9376,H21,H8212,H6749,L7076,L7092,L8967,H2319,L8979,H6362,H7380,L7287,H2121,H4516,H9565,L9752,H5754,L9924,H2332
H997,H760,H3765,H5414,H5196,H2661,H3751,H8024,H5371,H1050,L6967,H2480,L6490,H11893,H9141,L10121,H12020,H6197,L10334,L7229,L9879,L9276,H9501,H1398,H24,H2452,H12379,L7006,L8743,H8447,H60,H5735,H1986,L9425,L7437,H2099,H8129,H7404,H5029,L9955,H4721,L7078,H4942,H1648,L6450,H3926,H7289,L9343,H9193,H2501,L8701,H6731,H983,H5110,H2201,H412,H2010,L7196,H4953,H11169,H635,L9525,H851,H4593,H9451,H4488,H4299,H2337,H2907,H1095,L9172,L6325,H8279,H86,H2551,L9043,H3676,H5251,L9061,L7455,H6032,L10104,L9887,H10731,L10029,L7346,H8920,H1708,L9754,H660,H6153,H780,H719,L7181,H4818,H12007,L12984,H2385,H10401,L7156,H3592,,,,,,,,,,,,,,,,,,,,,,,,,,,,,,
H136,H7156,H8428,H8923,H26,L9160,H249,,,,,,,,,,,,,,,,,,,,,,,,,,,,,,,,,,,,,,,,,,,,,,,,,,,,,,,,,,,,,,,,,,,,,,,,,,,,,,,,,,,,,,,,,,,,,,,,,,,,,,,,,,,,,,,,,,,,,,,,,,,,
H509,L6171,H985,H882,L6540,L9011,L6658,H7802,H1124,H138,H3158,L10267,H6518,H3239,H5628,L6413,H8409,L10365,H7697,H2057,H7505,H2297,H11537,H1315,L6677,L10053,H2965,H4654,L10244,H2417,H4069,H9195,H7816,L6521,H638,H5034,H11617,H4669,H2205,L6841,H4347,H27,L9132,H9716,L6192,H5689,H7000,L6988,H1028,H7274,H8524,L7359,H1912,H7551,L8901,L9047,L9441,H11370,L8734,H11678,L9836,H3338,H4851,L7215,H11707,H114,H9371,L10379,H8769,H5284,L9707,H5596,H7889,H4379,L6823,L9488,L9206,L10289,H10139,H958,L9799,H1885,H6636,H8720,H3894,L8778,L6779,H5237,H6052,L7290,H2256,H124,H1211,H8547,H583,L9067,H4048,H1015,L9427,L8815,H9084,L7304,H1807,H9733,L9280,L8792,L7012,,,,,,,,,,,,,,,,,,,,,,,,
H5597,H999,H332,H8690,L6158,H5156,H5543,L9600,H1148,H1587,H855,H2820,H4727,H362,L9000,H1317,L9281,L8960,L9513,H1279,H4756,H11189,L10366,H2258,L10217,H1901,H7570,H7507,L6629,L9222,H7388,H1670,H9521,L6973,H8366,H7008,L10080,H1957,H352,H28,H6586,L9758,H1029,H3581,H9208,H4017,H6098,H1602,L8705,H846,L8765,H639,H3712,H3967,L8950,H8572,H205,L9779,L7292,H5676,H9636,L9585,H5112,H4206,H2108,H383,H2308,H522,H2418,H7870,H6519,L9814,H884,L9529,,,,,,,,,,,,,,,,,,,,,,,,,,,,,,,,,,,,,,,,,,,,,,,,,,,,,,,,,
H2472,H9115,H1264,H7125,L6891,H1378,L9351,L6174,L8963,H1358,H4477,L10369,H3004,H989,H9235,H640,L9100,L10032,H4351,H5146,L9613,L9050,L9190,L9891,H1810,L9697,L9475,L9224,L9767,L9587,H1484,H273,L8750,L9760,H2442,H2245,H6384,H3792,H8850,H4536,H6101,H2665,H4615,L10353,H9314,H8722,H9400,H460,H9587,H2581,H7526,H10593,H5630,H899,L6290,L10247,H5711,H3519,H930,L7256,L6663,H8219,H887,H3275,H12400,H4461,H1929,H30,H4133,L10023,,,,,,,,,,,,,,,,,,,,,,,,,,,,,,,,,,,,,,,,,,,,,,,,,,,,,,,,,,,,,
H31,H9525,L9419,H737,L10203,L10024,H7309,H1379,H6041,H7722,H474,H8435,H1990,H5712,H9720,L9362,L8725,H4003,H5508,H1042,H4684,H10037,H126,H10508,H1003,H4290,H3667,H238,H5051,L9102,H261,H2248,L8738,L9316,L9615,H12895,H5662,L8973,H5118,H7987,L10293,L9305,H5993,L10058,H6458,H7688,H5213,H2112,L8988,H2342,,,,,,,,,,,,,,,,,,,,,,,,,,,,,,,,,,,,,,,,,,,,,,,,,,,,,,,,,,,,,,,,,,,,,,,,,,,,,,,,,
L9748,H1917,H33,H1381,H9557,L9699,H2873,L9629,H4151,H923,L9128,H12748,H11543,H11379,H11814,H11315,H7160,L8839,H1137,H1238,H159,H7558,L8863,H421,H4497,L7175,H1905,H4264,H934,L8752,H1623,H7180,H4004,L8709,H3621,H1776,H8372,L9843,H3669,H5498,H12800,H6524,H2851,H1979,H8437,H10197,L6649,H2715,H1078,H492,H4109,H12161,L9687,L9534,H2132,H5406,H1324,H1931,H5022,H1714,H8760,H6244,H1794,H4193,H12146,H1963,H4382,H240,,,,,,,,,,,,,,,,,,,,,,,,,,,,,,,,,,,,,,,,,,,,,,,,,,,,,,,,,,,,,,,
H8005,H4891,H7559,H794,H4220,L6336,H9447,L6388,H2328,H422,L9700,H4236,L10192,L9535,L10384,H9318,H5653,L10167,L6200,H6255,H1748,H562,H5343,L10063,H1889,L9803,H7927,L9833,H3922,H5567,H1021,L9465,H1060,H4499,H698,H8807,H656,L6877,L6718,H7283,H5746,L7176,H7945,H8990,H3874,H35,H711,H4631,L6222,H300,H8402,H7398,H97,H1948,,,,,,,,,,,,,,,,,,,,,,,,,,,,,,,,,,,,,,,,,,,,,,,,,,,,,,,,,,,,,,,,,,,,,,,,,,,,,
L6358,H2313,L9505,H9560,L9750,H5654,H2657,H6372,L9665,L9494,H575,L9466,H80,L98,H2116,H9239,H3391,H9061,L9320,L6599,L9935,L8773,H3423,H5011,H2530,H7037,L7178,L6703,H1154,L10304,L7021,L172,H7217,L7105,H3132,H393,L8938,H5667,H2300,L10294,H5447,H8992,H5794,H2048,H37,H9484,L7285,H4951,H210,H5426,H8018,H4008,H5090,H3655,L9792,H4842,H1412,H9434,L9805,L9723,H1933,L9701,L6448,H3904,H1733,H1798,L9966,H5963,L9592,H4294,H1492,H1396,H11109,H2426,H3468,H1921,L8787,L9166,H803,H840,H9467,H5747,H4662,H1993,L9894,H2330,,,,,,,,,,,,,,,,,,,,,,,,,,,,,,,,,,,,,,,,,,,,,
H978,H1457,H2172,H5072,H4904,L7089,H1659,H6507,L10206,H3028,H301,H869,H2567,H12785,H3622,L7032,L8809,H2409,H1512,L9763,H5980,H7494,H9593,H6484,H6389,H7360,H3435,H548,H1080,H7991,L9576,H1779,H1061,H7608,H6571,H5292,L7262,H9542,H965,L9078,L9155,L6254,L8911,H8567,H5364,L6587,H4633,H1426,H409,H7149,H38,L7286,H9969,H3063,L9321,H440,H1546,H9422,H2039,H11007,H4586,L7165,H11318,H4155,L10098,H1701,H4733,L6805,H8037,H2331,L8939,H1474,L9467,H161,H2918,,,,,,,,,,,,,,,,,,,,,,,,,,,,,,,,,,,,,,,,,,,,,,,,,,,,,,,,
L9407,H478,L8852,H5393,L8797,H7299,H9692,L9690,H11930,H3719,H1610,H1935,H5568,H1366,H8539,H3888,H346,H4039,H2568,H5485,H2957,H81,H8347,H2487,H4212,H8085,H1179,H8513,H2288,H2559,H9168,H3939,H10396,H3334,H5669,H12411,H8809,H1594,H4239,H10056,L6750,L9651,H2050,L6320,H8292,H11434,H6443,H9485,H2266,H893,L9245,H1677,H5204,H3133,H4284,H3079,H1528,H175,H7343,H4952,H39,H9320,H701,H1458,H6272,H3424,L10170,,,,,,,,,,,,,,,,,,,,,,,,,,,,,,,,,,,,,,,,,,,,,,,,,,,,,,,,,,,,,,,,
H2513,H1308,H1582,H1530,H7516,L9550,H6412,H2411,L6963,L7297,H7021,H3801,H5827,H7112,H8973,H2478,H2146,H5093,H2317,H703,L9323,H670,H5177,L8895,L6617,L10004,L9620,H8100,L7246,H3047,H1879,H5429,L9863,H6661,H518,L7388,H5002,H120,L9794,H213,H5248,H9487,H9389,H1290,L9771,H1662,H4651,H9621,H3210,H4469,H5720,L6299,L9338,H9438,H7186,L10375,L9216,H42,H8177,H197,H2465,H7549,L7466,H2291,H11658,H9564,H5058,H4735,L6242,H9509,L6641,H4907,H4041,L10252,H3781,H1780,L7451,H8901,H1194,L6853,H715,L9409,H2175,,,,,,,,,,,,,,,,,,,,,,,,,,,,,,,,,,,,,,,,,,,,,,,,
H4271,H2098,L9042,L10103,H1094,H3639,H2122,L9809,L6209,L9424,L9715,H2536,H915,L9925,H8059,L9341,H828,H9026,H5398,H6553,H4142,H247,H2906,H2053,L6374,L6481,H112,L10225,H6090,H1120,H9532,H2189,H1023,H4188,L9060,H1500,H44,L8790,L9693,L8897,L9142,H8919,L6821,H467,H4056,H10673,H2491,H4577,L9202,H1550,L9394,H1371,H1707,L9274,H759,L9263,H328,L8995,L8981,H8264,H4085,H11459,H7995,H1844,H7814,H578,H842,H3721,H2065,H7403,H9489,,,,,,,,,,,,,,,,,,,,,,,,,,,,,,,,,,,,,,,,,,,,,,,,,,,,,,,,,,,,
H3593,H674,H4316,H5463,H3542,H6555,H852,H2894,H10402,H1198,H469,H1940,H4012,L9107,H4173,H8025,H11721,L10146,L12985,H10568,H619,L6507,L9510,H1865,H2011,H1182,H2242,H1883,H2562,H257,L6565,H5672,H5529,H2321,H1399,H5047,H9533,H45,H2997,H4546,L10006,H2492,L9249,L10050,H781,H3946,L10336,L9552,L10079,L9622,,,,,,,,,,,,,,,,,,,,,,,,,,,,,,,,,,,,,,,,,,,,,,,,,,,,,,,,,,,,,,,,,,,,,,,,,,,,,,,,,
H6265,L9178,H5803,H1790,L9676,H1496,H12905,H3560,L7100,H750,H3952,H2377,H1774,H7393,L9917,H3162,L6232,L10395,H3255,H8135,H10917,H1505,L8890,H834,L7015,H5128,L10011,H9330,H1542,L10072,H1727,L7203,H5006,L9293,H5973,L6571,H3242,H12069,H125,H4059,H417,H1282,H5201,H50,H9867,L8986,H3108,H1619,H7485,H5611,H9070,H1248,L8805,L7113,L7591,L7219,H2128,H2181,H524,,,,,,,,,,,,,,,,,,,,,,,,,,,,,,,,,,,,,,,,,,,,,,,,,,,,,,,,,,,,,,,,,,,,,,,,
L10315,L9490,L9461,H6078,L8952,L9882,H1674,H625,H2102,H7734,L9841,H1407,H4452,H446,L7204,H8691,L9918,L9402,H2422,L10219,H2275,H8384,L8793,H8575,H5453,H8531,H5422,H11591,H680,H2524,H12385,L9522,H51,H888,H11033,H4522,H4934,H931,L9816,L10093,L9904,H1018,L9126,L8904,H1422,H1265,H8414,L10073,L10057,H641,H8639,H1301,H5117,H5103,H990,L10300,L10042,H7510,L10138,H1150,H708,L7443,H1234,H3631,H3728,H9455,H334,H260,H367,H12028,L6430,H586,H1639,,,,,,,,,,,,,,,,,,,,,,,,,,,,,,,,,,,,,,,,,,,,,,,,,,,,,,,,,,
H2496,H4353,L7191,H1916,L6936,L6217,H145,L9269,H736,L9842,H490,L10370,H4760,H4106,H889,H7620,H318,H2652,L9963,H4407,H2564,H4658,H513,H2525,H4462,H5495,H306,H5564,L7066,L9071,L9112,H7873,L9101,L6312,H9266,H1745,H9652,H9316,H8304,L9476,L8861,H6102,L9564,H1591,H2444,H3729,L9737,L9089,L9430,L10083,L9255,H8759,H2059,L9127,L9151,L9403,H2901,H5085,H751,L6573,H3485,L6826,H8953,H2362,H6543,H5212,H8121,H3991,H6079,H8821,L6249,H5008,H335,H5612,H6040,L7205,H1215,H1057,H7807,H52,H3504,H9164,H9363,H1099,H2182,L9858,H2209,H65,H3256,,,,,,,,,,,,,,,,,,,,,,,,,,,,,,,,,,,,,,,,,,
H3548,H3601,H420,H9003,H491,H6267,H6104,H1408,H7325,H67,H54,H2113,L10112,H252,H1488,L9533,H5297,H5510,H10478,H7197,L6544,H3761,H1189,L9090,H6589,L10130,H2734,H6611,H599,H390,H2684,H913,L8877,L7068,H183,L7365,H2948,L7143,L10317,L9114,H1058,H230,H2405,H3386,H8916,H973,H3920,H4036,L9371,L6149,L7259,H1455,H6319,L7029,L9421,H11983,H821,L8921,H7942,H9333,L9285,H8968,L6633,L8806,H9882,H627,H4890,,,,,,,,,,,,,,,,,,,,,,,,,,,,,,,,,,,,,,,,,,,,,,,,,,,,,,,,,,,,,,,,
H3043,H5039,H4498,L8727,H1932,H5264,H9458,H465,H5616,H8373,H1795,H1031,H5680,L6136,H528,L6546,L9590,H9213,H9250,L8953,H171,H448,H7106,L10303,L9075,H5362,H5696,H5390,H1918,L8710,H4869,H964,H3203,L10086,H5714,H3422,H5792,H4255,H4005,H9690,H9021,L9243,H5298,H7606,L6529,L1283,L6335,H4371,H56,H1947,H4661,H1410,L986,L6907,L10191,H5131,H3603,H4136,H2558,L9307,L9115,H5896,H12094,L7000,L10260,L8796,L10035,L7103,L9164,H838,L9229,H1687,H4963,L6515,H5664,H254,H12250,H2225,H11622,H5023,L6717,H4938,H4110,H8207,L9034,H9994,H9655,H5070,H11755,L10075,L7433,H3834,H8806,,,,,,,,,,,,,,,,,,,,,,,,,,,,,,,,,,,,,,
H956,L10100,H1936,H2251,L6774,H12206,L7179,L7244,H2428,H9619,L8977,L9214,L6168,L9310,L9897,L9618,H5797,H12911,H8843,H1081,L9909,H2117,H9369,H57,H5782,H563,H11435,H3064,H615,L9199,L8893,L9080,H3153,H905,H9103,H2670,H2135,H4375,H6191,H3863,L9807,L6531,H4983,L6671,H3349,L9968,H806,L10360,H6026,H1071,H4905,H7692,H7475,L6404,H8277,L9953,L6549,H8039,H10377,H5135,H9122,H914,L8993,H8750,H1751,L6321,L9548,H591,H10445,L32,H4414,H2974,L9819,L10028,L9937,L10181,H1922,L1310,H6323,H162,L9392,H2022,H1091,H1735,H8670,H10808,H2173,L10239,,,,,,,,,,,,,,,,,,,,,,,,,,,,,,,,,,,,,,,,,,,
H3566,H265,H1634,L9970,H2216,H10341,H5045,H7078,H1720,H2438,H1062,H2941,L9954,L10161,L10172,L9411,L9481,H12920,L6642,H2490,H967,H2177,H4881,H1706,H2755,H4417,H411,H378,H9648,H3410,H1311,H565,H757,H12722,H4270,L9377,H1549,H5842,L7315,L9497,L7180,H3660,H313,L12983,H1691,H1428,H8974,L9041,L6740,H1343,H7251,L6911,L9469,H4767,L6884,H9392,H1894,H8540,H1494,H58,H8996,H85,H1255,H11212,H5904,L8980,H5621,H10237,H871,H689,H9322,H3394,H2859,H2064,H9179,H9440,H8684,H1679,,,,,,,,,,,,,,,,,,,,,,,,,,,,,,,,,,,,,,,,,,,,,,,,,,,,,
H8460,L9774,H2384,H1559,L6553,H7584,H429,L6621,L8776,L6518,H8392,L7288,H59,H1414,,,,,,,,,,,,,,,,,,,,,,,,,,,,,,,,,,,,,,,,,,,,,,,,,,,,,,,,,,,,,,,,,,,,,,,,,,,,,,,,,,,,,,,,,,,,,,,,,,,,,,,,,,,,,,,,,,,,,
H1960,H8472,H385,H2651,H1589,H8432,H8002,H724,H9666,H1453,H1696,H9443,H64,H5726,H2796,H2899,H1977,H8530,L6934,L7279,H1873,L9032,,,,,,,,,,,,,,,,,,,,,,,,,,,,,,,,,,,,,,,,,,,,,,,,,,,,,,,,,,,,,,,,,,,,,,,,,,,,,,,,,,,,,,,,,,,,,,,,,,,,,,,,,,,,,
H7612,L7406,L9470,L9159,H11549,H12825,H2516,H12395,H2676,H8975,H2217,L10349,L9606,H4970,L9234,H1293,H11501,H1397,H134,H2604,H232,H12079,H2107,H4487,H6296,H10972,L9670,H5046,H3675,H3437,H3267,H659,H1105,H1207,H1533,H5449,H11672,H594,H634,H72,H2451,L9567,H2303,H6248,L8943,H6196,L9538,H4678,H9579,H566,H7252,L9753,L9637,H5434,L9508,H1196,H8518,L9581,H5281,L9727,H5272,H482,H1895,H5165,,,,,,,,,,,,,,,,,,,,,,,,,,,,,,,,,,,,,,,,,,,,,,,,,,,,,,,,,,,,,,,,,,,
H2963,L8971,H73,H10030,H4117,H216,H5004,L8957,H9427,H4420,H5142,H9395,H10608,H676,H4492,H7801,H399,L10184,H6070,H568,L10198,H2192,H11792,H1037,H5931,H471,H6051,H8502,H8908,L7376,H8799,H832,H854,L10107,L10020,H7026,L6538,L9957,L9085,H3883,H969,H9568,H188,H7567,H7119,L9265,H3579,H5474,H762,L6987,H5166,H3556,H2647,H9663,H2255,L10288,,,,,,,,,,,,,,,,,,,,,,,,,,,,,,,,,,,,,,,,,,,,,,,,,,,,,,,,,,,,,,,,,,,,,,,,,,,
L9530,H2471,H7955,H11408,L9330,L7590,H7554,H2223,H816,H786,L9915,H609,L9735,H2664,H1041,H437,H873,H8430,L9401,L9927,L9099,L7188,H5833,H7618,H7307,L9674,H4580,L10186,H1837,H2109,H4216,H75,H10957,L9627,H3304,H5629,H9586,L10055,L7426,H4913,L9838,H3951,H1232,H1588,H7391,H12225,H986,H5740,L10175,H8876,L8859,L9209,H12555,H8093,,,,,,,,,,,,,,,,,,,,,,,,,,,,,,,,,,,,,,,,,,,,,,,,,,,,,,,,,,,,,,,,,,,,,,,,,,,,,
L8908,H8138,L9195,H2462,H1624,H4024,L6420,H4713,H9405,L9363,L10143,H4152,H493,H768,H935,L10358,H9317,H2186,L8784,H1176,L6611,H5652,H4619,L7367,H655,H3857,L10318,H5978,L9504,L9663,H4792,H3165,H3585,H8155,H1579,H96,H9365,L9386,H404,L8989,H12833,L9711,H2824,L9722,H4812,H1715,L7224,H4309,H7129,H7543,H2158,H4091,H3775,H9075,H4395,L10345,L7117,L9978,H2114,H515,H3008,L7030,H4540,H130,H612,L7069,H8841,H5119,H754,H5087,H4357,L9604,L9356,H1252,H1286,H4858,L8891,L10220,H3507,H9541,H6742,L9271,L7327,H6387,L7384,L6940,H4603,H4686,H12390,H2133,L10235,H2406,L9844,H2345,L6686,L1306,H8578,H11595,H372,H12323,L6447,L9129,H8355,H665,H4410,H7926,H1304,H78,H8707,H12599,L6770,,,,,,,,,,,,,,,,,,,,
H7514,H5824,H3062,H1854,L7147,H173,H2425,L6499,H4731,H2198,H9060,L9846,H3670,H109,L9165,L6851,H1890,H2446,H1797,H5089,H12410,H2019,H3705,H1716,L8990,L8728,L8712,H4412,H8956,H1497,H9804,L10168,H5511,H2497,L9631,L6403,H9870,H2635,L9908,L9791,H79,L10115,H4794,H10147,L10221,L8892,H4903,H4965,H2062,H4053,H4266,L9979,H891,H5227,H2241,H9483,L10156,L9244,H9385,H9459,,,,,,,,,,,,,,,,,,,,,,,,,,,,,,,,,,,,,,,,,,,,,,,,,,,,,,,,,,,,,,,,,,,,,,,
H196,L6390,H3436,L9793,H2145,H2464,H150,H7020,H3780,H4906,H5057,H8378,H1072,H7548,H4860,L6256,L9337,H9048,H9563,H517,H5001,H2569,H7185,H2174,H4468,H9620,L10251,H5176,L9619,H5826,H702,L9408,H5428,L6488,H6465,H1289,H1581,H657,L9834,H212,H2410,H4324,H9388,H4650,H3471,H410,H3013,H3209,L9549,H82,L7450,L9215,H2477,H9508,H5719,H7163,L6962,H714,H8694,H2316,H119,H1878,H1661,H7515,H3245,,,,,,,,,,,,,,,,,,,,,,,,,,,,,,,,,,,,,,,,,,,,,,,,,,,,,,,,,,,,,,,,,,
H1754,H1784,H5207,L9984,H2386,H87,H9696,L7347,H5852,H3784,H8161,H1447,H3555,H11013,H9291,L7182,H2416,H9610,L6797,L9597,H11311,H5813,L9220,H9027,H200,L10285,L9526,H1973,H9092,H8646,H6493,L9008,H1107,L10265,H3411,H4692,,,,,,,,,,,,,,,,,,,,,,,,,,,,,,,,,,,,,,,,,,,,,,,,,,,,,,,,,,,,,,,,,,,,,,,,,,,,,,,,,,,,,,,,,,,,,,,
H1244,H2608,H2067,L8846,H5625,L8947,H537,L7064,L9553,H2829,H675,H946,L9499,L9583,L10123,L7272,H2150,H2493,H8298,L9380,H3594,H1374,H11706,H4609,H2881,H3018,H9109,H11081,L10287,H10990,L10363,L9823,H470,L6697,H2401,H2539,L10031,H2591,H5400,L9251,H1166,H1867,L9912,H5595,H7656,L7009,L10310,H7783,H8231,H89,H581,L6141,H3786,H8545,H6137,L8983,L10323,H3815,H5235,L6537,H7966,L9083,L9658,H1586,H691,H9662,H1552,H3301,H330,H1516,H7435,H3395,H3768,H6377,H4724,H7272,H8077,L7096,H2204,L7138,H797,H10856,H10712,L7230,H2030,H285,L10242,L7079,L9569,H2082,L6888,H11235,H8701,H4458,H9622,H7170,H9890,L9623,H8408,H7205,H7566,L9484,,,,,,,,,,,,,,,,,,,,,,,,,,,,,
L8857,L9948,H9548,L8848,L9555,H90,H350,,,,,,,,,,,,,,,,,,,,,,,,,,,,,,,,,,,,,,,,,,,,,,,,,,,,,,,,,,,,,,,,,,,,,,,,,,,,,,,,,,,,,,,,,,,,,,,,,,,,,,,,,,,,,,,,,,,,,,,,,,,,
H3699,L9350,L9162,H93,L9928,,,,,,,,,,,,,,,,,,,,,,,,,,,,,,,,,,,,,,,,,,,,,,,,,,,,,,,,,,,,,,,,,,,,,,,,,,,,,,,,,,,,,,,,,,,,,,,,,,,,,,,,,,,,,,,,,,,,,,,,,,,,,,
L7174,H7630,H95,,,,,,,,,,,,,,,,,,,,,,,,,,,,,,,,,,,,,,,,,,,,,,,,,,,,,,,,,,,,,,,,,,,,,,,,,,,,,,,,,,,,,,,,,,,,,,,,,,,,,,,,,,,,,,,,,,,,,,,,,,,,,,,,
L9262,H5539,H3907,L6882,L9024,H1548,H1329,L7035,H9335,H1368,H9499,H5570,H1969,H4241,H3552,H3408,L10210,H325,H5752,L9981,L9939,H99,H7221,L6323,H7001,H7287,H1273,H2024,L9579,H5137,L9169,L9375,H7811,L10307,L9849,L12982,H5684,H1633,H5025,H7315,H1444,H1341,H8496,H3997,L8825,H246,L6673,H376,H1831,H11562,H6193,H4514,H4556,L8811,H4483,L6818,H2230,H1753,H3232,H3453,L7107,L9436,H3589,H731,H6325,L9038,L9873,L7211,H264,H311,H825,,,,,,,,,,,,,,,,,,,,,,,,,,,,,,,,,,,,,,,,,,,,,,,,,,,,,,,,,,,,
L6976,L9962,L9588,H8107,H4773,H5211,H418,H275,H297,H1392,H5788,H8507,L8819,L10082,H3809,H1088,L9780,H144,L9001,H12698,L7044,H4537,H3819,H5223,H4146,H5764,H8758,H8205,H7986,H1793,H5084,H951,H4263,H9704,H6209,H835,H1838,H5468,H10360,H4441,L10354,H2353,H6354,H4988,L823,H2484,H8400,H1590,H107,H4105,H4391,H2361,,,,,,,,,,,,,,,,,,,,,,,,,,,,,,,,,,,,,,,,,,,,,,,,,,,,,,,,,,,,,,,,,,,,,,,,,,,,,,,
H108,H208,L9921,H3654,,,,,,,,,,,,,,,,,,,,,,,,,,,,,,,,,,,,,,,,,,,,,,,,,,,,,,,,,,,,,,,,,,,,,,,,,,,,,,,,,,,,,,,,,,,,,,,,,,,,,,,,,,,,,,,,,,,,,,,,,,,,,,,
H8828,L6344,H2535,H7583,L9835,L9726,H1022,H5151,H1881,H3750,H9007,H3803,H111,H779,L7093,L7005,L6752,L6965,H8569,H1558,H8811,H10362,,,,,,,,,,,,,,,,,,,,,,,,,,,,,,,,,,,,,,,,,,,,,,,,,,,,,,,,,,,,,,,,,,,,,,,,,,,,,,,,,,,,,,,,,,,,,,,,,,,,,,,,,,,,,
H2325,H7788,H9184,L8781,L9014,H9686,H8429,H2058,H1356,H4534,L9442,H1540,L9148,H9376,L9313,H141,H9145,H4710,L9611,L9520,H9359,H764,H4521,L6172,H1280,L9282,H7351,L7336,H9627,H6099,L875,H11885,H9852,L6143,H4207,H3340,H11049,H12421,L7160,H4771,H8636,H6284,L6415,H353,H3725,H1433,H2898,L8961,H5048,H115,H7753,H11297,H6075,L9708,H4566,L9208,L6195,H1976,H1468,L9914,H7732,L7321,H8550,H8383,H1928,H7819,H2553,H7483,L8736,L6917,H7909,H4348,H6366,H11085,L8706,L6843,L6352,H8031,H4835,L184,L7589,L6380,H2402,H363,L9239,L9903,L10394,H785,L8858,H3303,H7684,H5443,L6990,L7460,L8722,H6670,H2070,H1503,L6512,H7587,L6399,L9734,H4071,L9815,H5420,,,,,,,,,,,,,,,,,,,,,,,,,,
H7238,H3928,H3947,H7521,H7714,H4365,H10137,H12639,H10322,L9186,L10136,H9581,H1536,L9729,L8719,L158,H8183,L7213,H9260,H1313,H443,L10378,L6948,L9812,L7158,H831,H2518,L7319,L9144,L6245,H12695,L10338,L6753,L6606,H202,H1295,H4653,H5572,H2574,H187,H2862,H8907,H1681,H8042,H3032,H5141,H1480,H10930,H7118,H2254,L8917,H748,L6492,L9413,H2431,H2100,H1466,H5252,H4505,L7129,H303,L9512,L6465,H1259,L8829,L6425,H9220,H636,H1999,L6509,H2387,L9398,H233,H4927,H1925,H4246,L9901,H1755,H3986,L6624,L9119,H5078,H7335,L6868,L10227,H3804,H8325,H650,H926,H122,L9044,L9345,H1086,H1158,H12657,H8131,H11272,H498,H9534,H896,L9599,H2124,H8091,H5182,H8350,H6536,,,,,,,,,,,,,,,,,,,,,,,,,
L8948,H123,H620,H5658,,,,,,,,,,,,,,,,,,,,,,,,,,,,,,,,,,,,,,,,,,,,,,,,,,,,,,,,,,,,,,,,,,,,,,,,,,,,,,,,,,,,,,,,,,,,,,,,,,,,,,,,,,,,,,,,,,,,,,,,,,,,,,,
H391,L9432,H321,L9294,H5695,H527,H10980,H5225,L10357,H8955,H11089,H727,H253,H9642,L9019,H9202,H5482,H9667,H1992,H3796,H2528,H5086,H12514,H1489,H953,H2327,L10074,L10142,H11205,L8965,H9457,H2344,L9242,L9074,L9545,L9464,H8354,H307,H2461,H4571,H3602,H3833,H2634,H6356,L10330,H129,H3821,H6021,H7960,H4235,L10131,L10113,H3774,H3387,H5203,L8907,L9907,L10025,L9103,H3686,L6666,H9706,,,,,,,,,,,,,,,,,,,,,,,,,,,,,,,,,,,,,,,,,,,,,,,,,,,,,,,,,,,,,,,,,,,,,
H2329,H406,L6958,H4870,H241,L8840,H160,H9931,H666,H5809,H5898,L10076,H2249,H1920,H1645,H1965,H1491,H4138,H2621,H2463,L9091,H10649,H6149,H1545,H4310,H2346,H5697,L9993,H11640,H12375,H9575,L6830,H1631,H10939,H5771,H2265,H2485,L9922,L9433,L9319,H6062,H3434,H5682,L6485,H7147,H5715,H10374,H1425,H4372,H8036,H209,H5617,H4673,H4748,H755,L9357,H3150,H9996,H255,L6337,H5291,L10385,H131,H2735,,,,,,,,,,,,,,,,,,,,,,,,,,,,,,,,,,,,,,,,,,,,,,,,,,,,,,,,,,,,,,,,,,,
H132,L9874,,,,,,,,,,,,,,,,,,,,,,,,,,,,,,,,,,,,,,,,,,,,,,,,,,,,,,,,,,,,,,,,,,,,,,,,,,,,,,,,,,,,,,,,,,,,,,,,,,,,,,,,,,,,,,,,,,,,,,,,,,,,,,,,,
H9537,H139,L6428,,,,,,,,,,,,,,,,,,,,,,,,,,,,,,,,,,,,,,,,,,,,,,,,,,,,,,,,,,,,,,,,,,,,,,,,,,,,,,,,,,,,,,,,,,,,,,,,,,,,,,,,,,,,,,,,,,,,,,,,,,,,,,,,
H9094,L6811,H8202,H140,L6646,,,,,,,,,,,,,,,,,,,,,,,,,,,,,,,,,,,,,,,,,,,,,,,,,,,,,,,,,,,,,,,,,,,,,,,,,,,,,,,,,,,,,,,,,,,,,,,,,,,,,,,,,,,,,,,,,,,,,,,,,,,,,,
L8749,H5240,H9614,H4279,L6133,H4217,H4670,H229,H4757,H4350,H540,H4121,L9916,H9551,H1673,L6311,H290,L6647,H5583,H1520,H8574,H856,L7338,L9210,H143,H1742,H5035,H1188,L9149,H1541,H1435,H1575,H988,H2505,H5914,H2071,H585,L10150,H1849,H4836,H1695,H2234,L7142,H6352,H7789,L7065,H7352,H1174,L9977,H2156,H5818,H4959,L7427,L6159,H5532,L6784,H7733,H1002,H2127,L7361,L9562,L6975,H1319,H12760,H5157,L6495,H5309,L7161,L9839,L10128,L7277,H5068,L10091,H1914,H4390,H1281,L9331,H1959,H11506,H3978,L8860,L9572,H7525,L7218,L7410,L8818,H2341,H7276,L6802,H157,H2555,H5083,H8341,L10368,H5741,,,,,,,,,,,,,,,,,,,,,,,,,,,,,,,,,,,,
H4604,H5301,H8555,H8971,L6751,H7796,H149,H1764,L6240,,,,,,,,,,,,,,,,,,,,,,,,,,,,,,,,,,,,,,,,,,,,,,,,,,,,,,,,,,,,,,,,,,,,,,,,,,,,,,,,,,,,,,,,,,,,,,,,,,,,,,,,,,,,,,,,,,,,,,,,,,
H7255,L6835,L9471,H5473,L6184,H4032,H2373,H8961,L7051,H1535,H7585,H7655,L372,H6516,H2190,H8612,H1479,H5784,H9412,H895,H152,,,,,,,,,,,,,,,,,,,,,,,,,,,,,,,,,,,,,,,,,,,,,,,,,,,,,,,,,,,,,,,,,,,,,,,,,,,,,,,,,,,,,,,,,,,,,,,,,,,,,,,,,,,,,,
H7628,H8834,L9252,L7171,H4745,H4097,H288,H5358,H4805,L6365,H2896,H9549,H2232,H8874,H2167,H12827,H693,H1346,L9958,H845,H218,L10245,H155,H1451,L10380,H10977,H9477,H8352,H5785,H1278,H4162,H1245,H7122,H723,H8911,L9086,H5184,H473,H9297,H5285,H2273,H8153,H798,H812,H4145,H1432,L8779,H9233,L9881,H11746,H1942,L10108,L9207,H1420,L7588,L9097,H5337,H3614,H414,H8301,H1388,H1835,H1335,H2552,L6482,L9584,H2663,H3949,L6659,H7890,H3755,L6568,L10290,,,,,,,,,,,,,,,,,,,,,,,,,,,,,,,,,,,,,,,,,,,,,,,,,,,,,,,,,,
L8974,H158,,,,,,,,,,,,,,,,,,,,,,,,,,,,,,,,,,,,,,,,,,,,,,,,,,,,,,,,,,,,,,,,,,,,,,,,,,,,,,,,,,,,,,,,,,,,,,,,,,,,,,,,,,,,,,,,,,,,,,,,,,,,,,,,,
H5163,H6360,H8441,H3623,H3046,H1193,H8781,L9923,H5092,H8099,L9770,H3826,H2975,L8894,H163,H8751,H8056,H1307,H4766,,,,,,,,,,,,,,,,,,,,,,,,,,,,,,,,,,,,,,,,,,,,,,,,,,,,,,,,,,,,,,,,,,,,,,,,,,,,,,,,,,,,,,,,,,,,,,,,,,,,,,,,,,,,,,,,
L6809,H5490,H167,L7408,L6698,H5932,H2964,H7465,H9475,H9326,L9108,H5384,H9536,L8873,L160,H8214,H864,H957,L9382,L8847,L9732,H1333,L7214,L7184,L7424,H287,L6191,L9625,L6914,H5167,H844,H259,H472,H4611,H1668,H3644,H3787,L9554,H6095,L6799,H8924,H1387,L6246,H2432,H2541,L10052,H6350,L8856,H5064,L9399,H553,H9502,H6517,H1756,H2044,H2440,L10164,L9046,H7657,H2455,H3948,H434,H3753,H3088,L7456,H7918,H948,H381,L9414,L9609,H3070,H5709,H360,H4562,H269,H2243,L872,H4247,H9876,H811,H4203,H4317,H9396,L10069,,,,,,,,,,,,,,,,,,,,,,,,,,,,,,,,,,,,,,,,,,,,,,,
H7820,H1483,H4644,H7466,H169,L6763,H5848,H4655,L7398,H3341,H523,L10327,H1087,L7307,H4946,L6525,H1617,L9521,H7847,L6991,L10109,H8757,,,,,,,,,,,,,,,,,,,,,,,,,,,,,,,,,,,,,,,,,,,,,,,,,,,,,,,,,,,,,,,,,,,,,,,,,,,,,,,,,,,,,,,,,,,,,,,,,,,,,,,,,,,,,
H4841,H5377,L7240,L7448,H3390,H8097,H172,L9845,H8898,H3467,H308,H3812,L6177,H2356,L6316,,,,,,,,,,,,,,,,,,,,,,,,,,,,,,,,,,,,,,,,,,,,,,,,,,,,,,,,,,,,,,,,,,,,,,,,,,,,,,,,,,,,,,,,,,,,,,,,,,,,,,,,,,,,,,,,,,,,
L10026,H8210,H11863,H5795,L10015,H4829,H1365,H2049,H5811,L8923,L6188,H7073,H9561,H5133,H9631,L9260,H7740,L6894,H630,H5228,H7652,H9709,H1178,H8808,H6373,L6879,H3983,H8357,H993,H5392,H2357,H4982,H12527,L10295,L10223,H1498,H2006,H8779,H1966,H3956,H5699,H5469,H2395,H3860,L6319,H4919,H174,H8247,L10169,H614,L6151,H2134,H4543,H5245,H1949,H1527,L10346,H5448,H1007,H2381,L9818,L9806,L9895,H2938,H8334,H8709,L9104,H8825,L9167,H9933,H904,H8538,H3184,L7595,H2105,H1139,H3469,L10037,H2875,H2774,H1044,H2486,H8174,H700,H5513,,,,,,,,,,,,,,,,,,,,,,,,,,,,,,,,,,,,,,,,,,,,,,
H3590,H5193,H5849,H1195,H4257,H2549,H8517,L9365,H4484,H1330,H9154,H2514,H12393,H3889,L9025,H550,H1970,H283,L9217,L10088,H326,L6391,L9724,H616,H5775,L10171,H6550,H671,H9306,H3692,H5578,L9423,H176,H9439,H5431,H11967,H11344,H996,L9560,H10854,L9596,L6674,,,,,,,,,,,,,,,,,,,,,,,,,,,,,,,,,,,,,,,,,,,,,,,,,,,,,,,,,,,,,,,,,,,,,,,,,,,,,,,,,,,,,,,,,
H179,H2033,H8770,L6972,H2206,L716,H9161,L6899,H8060,,,,,,,,,,,,,,,,,,,,,,,,,,,,,,,,,,,,,,,,,,,,,,,,,,,,,,,,,,,,,,,,,,,,,,,,,,,,,,,,,,,,,,,,,,,,,,,,,,,,,,,,,,,,,,,,,,,,,,,,,,
L8903,L10151,H5241,L10314,H5691,H9615,L10292,H4019,L9840,L9856,L6496,H542,H4683,H2311,L9315,L10231,H950,H1760,H182,,,,,,,,,,,,,,,,,,,,,,,,,,,,,,,,,,,,,,,,,,,,,,,,,,,,,,,,,,,,,,,,,,,,,,,,,,,,,,,,,,,,,,,,,,,,,,,,,,,,,,,,,,,,,,,,
H190,L7459,,,,,,,,,,,,,,,,,,,,,,,,,,,,,,,,,,,,,,,,,,,,,,,,,,,,,,,,,,,,,,,,,,,,,,,,,,,,,,,,,,,,,,,,,,,,,,,,,,,,,,,,,,,,,,,,,,,,,,,,,,,,,,,,,
L6631,L6291,H191,H11335,H7775,,,,,,,,,,,,,,,,,,,,,,,,,,,,,,,,,,,,,,,,,,,,,,,,,,,,,,,,,,,,,,,,,,,,,,,,,,,,,,,,,,,,,,,,,,,,,,,,,,,,,,,,,,,,,,,,,,,,,,,,,,,,,,
H194,L26,H3921,L10062,,,,,,,,,,,,,,,,,,,,,,,,,,,,,,,,,,,,,,,,,,,,,,,,,,,,,,,,,,,,,,,,,,,,,,,,,,,,,,,,,,,,,,,,,,,,,,,,,,,,,,,,,,,,,,,,,,,,,,,,,,,,,,,
L9936,H5839,H4778,L6239,L6486,H4084,H645,H7268,H12004,H937,H2427,H1799,H1934,H5484,L10087,L6861,L8756,H2075,H195,L9182,H2250,H576,H4763,L6562,H1734,H7837,,,,,,,,,,,,,,,,,,,,,,,,,,,,,,,,,,,,,,,,,,,,,,,,,,,,,,,,,,,,,,,,,,,,,,,,,,,,,,,,,,,,,,,,,,,,,,,,,,,,,,,,,
L10337,L10173,H1183,H830,L6856,H2827,H2538,H7169,L6887,H4637,H4954,L6798,L9657,H7768,H8162,L8732,H12605,H12501,H5605,H2454,H3611,H1562,L6726,L9900,H5031,H2339,H7155,L8703,H10006,H5708,H4559,H5435,L9290,L9728,H1258,H4386,H3380,H11705,H8584,L6696,H1276,H2439,H7951,H4300,H201,H1345,H2944,H2590,L9671,H6733,L9694,H3785,L9498,L9996,H4741,H4160,H2231,L6491,H1199,L10322,H2123,L9518,H2203,H9143,H7982,H11186,H1026,L10106,H853,H4174,H1974,H5624,H4820,L9311,H3172,H2081,H3927,H8766,H10502,L8970,,,,,,,,,,,,,,,,,,,,,,,,,,,,,,,,,,,,,,,,,,,,,,,,,,,
H2694,H1430,H1651,H4449,H3189,H2271,H9582,L9009,H4400,H4190,H8522,H5626,L9731,H6117,L8899,H3497,H4046,H1614,H927,H6999,H3914,H203,L10351,H1693,L9946,L8885,L10254,H2084,H7005,H10170,L9174,H6496,L6728,H2013,H4366,H1502,L9500,H984,L9624,H721,L9672,L9972,H8702,L7231,H286,L9902,H12397,L9145,L7039,L6510,H7066,L8803,H3103,H4725,H3215,H1184,L7170,H2165,L8998,H5815,H692,L6519,L9765,H1898,H11137,H5856,H10452,H9795,,,,,,,,,,,,,,,,,,,,,,,,,,,,,,,,,,,,,,,,,,,,,,,,,,,,,,,,,,,,,,,
L9854,L6661,L9087,H1000,H2375,H6432,H5081,H9041,H1836,L10326,L8831,H3831,H206,H11871,H2544,H1789,H5560,L6699,H2002,H1172,H6351,L6266,L10000,H3615,H2521,H8981,H9665,H4807,H5005,H1187,L6288,H1231,L6451,H3968,H1758,L7397,L6974,H1297,L6592,L9188,H8527,H1848,H4303,L8920,H1654,H4389,H885,H11274,L7425,L9302,L9348,L9837,H5186,H3545,H1553,H8411,L9400,L7187,H1159,H7306,H9700,H8861,H1337,,,,,,,,,,,,,,,,,,,,,,,,,,,,,,,,,,,,,,,,,,,,,,,,,,,,,,,,,,,,,,,,,,,,
H4470,H1765,H2488,H377,L8978,H10585,H9632,L10283,H9660,H861,H592,H3749,H2437,H6046,H5121,L6793,H11210,H5703,H2533,H2976,H214,H1223,H2120,L9131,H1084,L9820,L7371,H3923,H7416,L9751,L8789,H8568,L8774,H3720,H1384,H5870,H4575,H980,L9653,H8682,L9910,H4297,L9200,L8812,H3658,L9299,H1801,H6512,H1892,H4285,L10159,H1460,L10119,H2466,H5075,H441,H2078,H1156,L8826,H1663,H11308,H1254,,,,,,,,,,,,,,,,,,,,,,,,,,,,,,,,,,,,,,,,,,,,,,,,,,,,,,,,,,,,,,,,,,,,,
H3151,H7663,H231,H9101,H2434,H8275,H8680,L6137,H9078,L9198,H7877,H3263,,,,,,,,,,,,,,,,,,,,,,,,,,,,,,,,,,,,,,,,,,,,,,,,,,,,,,,,,,,,,,,,,,,,,,,,,,,,,,,,,,,,,,,,,,,,,,,,,,,,,,,,,,,,,,,,,,,,,,,
H236,L8763,H1615,L9851,,,,,,,,,,,,,,,,,,,,,,,,,,,,,,,,,,,,,,,,,,,,,,,,,,,,,,,,,,,,,,,,,,,,,,,,,,,,,,,,,,,,,,,,,,,,,,,,,,,,,,,,,,,,,,,,,,,,,,,,,,,,,,,
L6812,H3684,H3760,H2527,H1978,H3374,L6383,H8940,L7281,L6632,L1119,H8110,H4427,H2460,H7375,L7222,H1100,H7924,H3901,L6683,H7648,H5038,H4210,H9247,H239,L6938,H4901,L8876,H1322,L10343,H3715,H6405,H3619,L9018,,,,,,,,,,,,,,,,,,,,,,,,,,,,,,,,,,,,,,,,,,,,,,,,,,,,,,,,,,,,,,,,,,,,,,,,,,,,,,,,,,,,,,,,,,,,,,,,,
H804,L9617,H2531,L9308,H242,H394,,,,,,,,,,,,,,,,,,,,,,,,,,,,,,,,,,,,,,,,,,,,,,,,,,,,,,,,,,,,,,,,,,,,,,,,,,,,,,,,,,,,,,,,,,,,,,,,,,,,,,,,,,,,,,,,,,,,,,,,,,,,,
H5003,L9248,H2269,L8731,L10039,L9412,L7407,H916,H1106,H6997,H4528,H6135,L10049,L6302,H8499,H2537,H8323,H942,H7654,L9117,H8847,H5233,H6398,L10388,H9490,L6506,H2398,L10297,H829,H5319,L6283,H520,H4385,H1635,H1073,L8884,H12499,L10309,H3297,H6579,H872,H1821,H5593,H7382,L8898,H1845,L10213,H863,H1515,H9874,H746,H8009,H1783,H266,H880,H9695,H248,H11954,H3850,H1612,L9007,L6897,H8595,H3865,H4345,H3212,L6535,L10162,H2790,H4200,L8915,H536,L6657,H8935,L8813,H5462,L9944,H8541,H4751,H1024,H1997,H5528,H1225,H3086,L10066,L6590,H6348,L9027,L9366,L10377,L10196,H5556,H809,L9551,H442,H2924,L9716,L1197,H9290,H968,H1896,H1737,L9509,H648,H1864,H579,H4739,H7002,L9264,L6930,L9539,L9378,H7815,H3353,H1197,H5014,H3050,H2561,H468,H4926,,,,,,,,,,,
H1478,H2573,L10362,L9062,H1613,H267,L6303,L9656,,,,,,,,,,,,,,,,,,,,,,,,,,,,,,,,,,,,,,,,,,,,,,,,,,,,,,,,,,,,,,,,,,,,,,,,,,,,,,,,,,,,,,,,,,,,,,,,,,,,,,,,,,,,,,,,,,,,,,,,,,,
L10214,L6305,H8815,H3963,H5097,H268,,,,,,,,,,,,,,,,,,,,,,,,,,,,,,,,,,,,,,,,,,,,,,,,,,,,,,,,,,,,,,,,,,,,,,,,,,,,,,,,,,,,,,,,,,,,,,,,,,,,,,,,,,,,,,,,,,,,,,,,,,,,,
H270,L6781,H8266,H457,H7786,,,,,,,,,,,,,,,,,,,,,,,,,,,,,,,,,,,,,,,,,,,,,,,,,,,,,,,,,,,,,,,,,,,,,,,,,,,,,,,,,,,,,,,,,,,,,,,,,,,,,,,,,,,,,,,,,,,,,,,,,,,,,,
H7425,H8879,H3972,H2935,H2617,H10776,H12029,H1380,H10106,H5224,L10316,L10111,H1930,H298,H1068,H3385,L10059,H12713,L10302,H12660,H10068,L9930,L8837,H2363,H1267,H1438,H526,L10371,H278,H8839,H7396,L9698,L9317,H7196,H2018,H5423,L9589,H5455,H4463,L9747,H4408,L6234,H3701,H1557,H2046,L9870,H8288,H9332,H3058,H2183,H697,L10085,H4134,H2424,L9306,H1606,H1641,H1393,H1840,H874,H10963,H653,,,,,,,,,,,,,,,,,,,,,,,,,,,,,,,,,,,,,,,,,,,,,,,,,,,,,,,,,,,,,,,,,,,,,
L10361,H4172,H284,H4043,H2097,H1972,H3674,,,,,,,,,,,,,,,,,,,,,,,,,,,,,,,,,,,,,,,,,,,,,,,,,,,,,,,,,,,,,,,,,,,,,,,,,,,,,,,,,,,,,,,,,,,,,,,,,,,,,,,,,,,,,,,,,,,,,,,,,,,,
H501,H2768,H8506,H291,L6765,H3727,L8724,H1743,H4772,L7428,L6367,,,,,,,,,,,,,,,,,,,,,,,,,,,,,,,,,,,,,,,,,,,,,,,,,,,,,,,,,,,,,,,,,,,,,,,,,,,,,,,,,,,,,,,,,,,,,,,,,,,,,,,,,,,,,,,,,,,,,,,,
H2076,L9309,L9896,H9468,H7961,H5427,H5470,H4195,L7596,H12149,H7914,H5459,H1140,L8940,L6225,L9495,L7343,H10807,H3348,H3114,L10238,L9297,H8194,L8842,L8924,H9435,H4455,H2763,H8054,L9079,H994,H10515,H1814,L8880,H1829,H1413,L10359,H7824,H870,H3451,L10099,H12618,L9105,H4466,H10076,H9407,H2021,H9448,H7328,H8710,H3876,H3813,H1271,H4674,L10117,H9658,L10224,H302,L6637,H4764,,,,,,,,,,,,,,,,,,,,,,,,,,,,,,,,,,,,,,,,,,,,,,,,,,,,,,,,,,,,,,,,,,,,,,,
H10119,H9635,H7586,L8887,L6678,H1740,H2257,H1038,H2307,H11618,H3646,H4613,H4450,H2014,H5506,L10393,L8735,L9012,H305,H2757,H3240,H1467,H361,H510,H3289,H7241,L9778,L10299,H4070,H1402,H4227,H1808,H7569,L9133,H436,L9733,H2504,H9865,L1005,H1296,L9301,H7139,H9309,H5522,H3544,H4519,L9147,H2744,H6283,L10125,H1539,H5911,H3035,H10658,H5144,L9890,H8092,H9698,H8216,L8902,L10216,L8830,H12591,L10325,H10993,H1601,,,,,,,,,,,,,,,,,,,,,,,,,,,,,,,,,,,,,,,,,,,,,,,,,,,,,,,,,,,,,,,,,
L9506,H8390,H8195,L6152,H480,H8443,L8729,L10376,H10079,H5460,L6360,H3186,L6618,H2041,L6138,H3609,H577,H2318,L7247,H6375,H4457,L6207,H2008,H7906,L6602,H1995,H312,,,,,,,,,,,,,,,,,,,,,,,,,,,,,,,,,,,,,,,,,,,,,,,,,,,,,,,,,,,,,,,,,,,,,,,,,,,,,,,,,,,,,,,,,,,,,,,,,,,,,,,,
H4027,H5136,L7106,H1646,H1272,L9168,H5569,H7314,L9578,L6501,H12163,L9261,H11129,H5683,H9644,L9938,H12046,L8810,H7741,L9023,H9349,H4513,L6881,L9980,L9713,H2808,H730,L9435,L9848,H324,H2435,H2229,H1328,L10209,H9498,L9037,H10272,H3607,H3748,H3081,H3551,H10446,L6672,H1367,H1752,H5751,L10306,H1632,H2301,H6273,H824,H10131,H9470,H1340,H10970,H10516,H375,H2448,H1830,H1968,L8798,H11257,H7220,H3906,L7034,H395,L6817,L8914,L8824,H1443,L6322,,,,,,,,,,,,,,,,,,,,,,,,,,,,,,,,,,,,,,,,,,,,,,,,,,,,,,,,,,,,
L9997,H2305,H331,,,,,,,,,,,,,,,,,,,,,,,,,,,,,,,,,,,,,,,,,,,,,,,,,,,,,,,,,,,,,,,,,,,,,,,,,,,,,,,,,,,,,,,,,,,,,,,,,,,,,,,,,,,,,,,,,,,,,,,,,,,,,,,,
H3950,L9601,H1125,L9124,H415,H4098,L9098,H7390,L9223,H489,H9442,L10126,H333,L7201,L8817,,,,,,,,,,,,,,,,,,,,,,,,,,,,,,,,,,,,,,,,,,,,,,,,,,,,,,,,,,,,,,,,,,,,,,,,,,,,,,,,,,,,,,,,,,,,,,,,,,,,,,,,,,,,,,,,,,,,
H629,L9749,H344,L9952,L10114,L9196,H9482,H1219,H1395,L8711,H1644,H2365,,,,,,,,,,,,,,,,,,,,,,,,,,,,,,,,,,,,,,,,,,,,,,,,,,,,,,,,,,,,,,,,,,,,,,,,,,,,,,,,,,,,,,,,,,,,,,,,,,,,,,,,,,,,,,,,,,,,,,,
L7177,H8173,L10097,H3887,L9231,L9664,H7674,H345,,,,,,,,,,,,,,,,,,,,,,,,,,,,,,,,,,,,,,,,,,,,,,,,,,,,,,,,,,,,,,,,,,,,,,,,,,,,,,,,,,,,,,,,,,,,,,,,,,,,,,,,,,,,,,,,,,,,,,,,,,,
H1511,H8389,H699,H4879,H12819,H4621,H1441,L6421,H5773,L6942,H2212,H2905,H1288,L9575,L7242,H6108,H3836,H3167,L7295,H3098,L10237,L7402,H12309,L6771,H4512,H2773,L10194,H4396,H3281,H1855,L6831,H5457,H7298,H5299,H3587,L10014,L9994,H10249,H1115,H5391,H2347,H2989,H7793,H1043,H8246,L6981,H1326,H687,H357,H7359,H2601,H5041,H2408,H8375,H6321,H10303,L7313,L8808,L10157,H6226,H1138,H10548,L7073,H8957,H3113,L6792,L10386,H4980,H449,,,,,,,,,,,,,,,,,,,,,,,,,,,,,,,,,,,,,,,,,,,,,,,,,,,,,,,,,,,,,,
L9288,L10262,L9157,H2412,H358,,,,,,,,,,,,,,,,,,,,,,,,,,,,,,,,,,,,,,,,,,,,,,,,,,,,,,,,,,,,,,,,,,,,,,,,,,,,,,,,,,,,,,,,,,,,,,,,,,,,,,,,,,,,,,,,,,,,,,,,,,,,,,
L6231,H364,,,,,,,,,,,,,,,,,,,,,,,,,,,,,,,,,,,,,,,,,,,,,,,,,,,,,,,,,,,,,,,,,,,,,,,,,,,,,,,,,,,,,,,,,,,,,,,,,,,,,,,,,,,,,,,,,,,,,,,,,,,,,,,,,
H379,L8929,,,,,,,,,,,,,,,,,,,,,,,,,,,,,,,,,,,,,,,,,,,,,,,,,,,,,,,,,,,,,,,,,,,,,,,,,,,,,,,,,,,,,,,,,,,,,,,,,,,,,,,,,,,,,,,,,,,,,,,,,,,,,,,,,
L9574,H1593,L6702,H439,H392,L9213,H11578,H5330,H1089,H3228,L9688,H839,H5188,H7326,H5681,L9364,H3204,H1919,L6294,L8922,L9516,H5009,H3717,L7001,L6957,H859,H8667,L8865,H1070,H9708,L6370,H4964,,,,,,,,,,,,,,,,,,,,,,,,,,,,,,,,,,,,,,,,,,,,,,,,,,,,,,,,,,,,,,,,,,,,,,,,,,,,,,,,,,,,,,,,,,,,,,,,,,,
L6502,H7742,H396,,,,,,,,,,,,,,,,,,,,,,,,,,,,,,,,,,,,,,,,,,,,,,,,,,,,,,,,,,,,,,,,,,,,,,,,,,,,,,,,,,,,,,,,,,,,,,,,,,,,,,,,,,,,,,,,,,,,,,,,,,,,,,,,
L9072,H683,L6768,H4291,H6479,H4867,H7528,L6419,L7238,H5767,H5509,H738,H5278,H8474,H8490,H4338,H403,L741,L7364,H1524,L6250,H4629,L7309,L6804,L9950,L7067,H7454,H7294,,,,,,,,,,,,,,,,,,,,,,,,,,,,,,,,,,,,,,,,,,,,,,,,,,,,,,,,,,,,,,,,,,,,,,,,,,,,,,,,,,,,,,,,,,,,,,,,,,,,,,,
L6650,H405,L6736,H4006,,,,,,,,,,,,,,,,,,,,,,,,,,,,,,,,,,,,,,,,,,,,,,,,,,,,,,,,,,,,,,,,,,,,,,,,,,,,,,,,,,,,,,,,,,,,,,,,,,,,,,,,,,,,,,,,,,,,,,,,,,,,,,,
H4490,H7908,H5416,H8756,H7550,L794,H2816,H4067,H2359,H7615,L6260,H1721,H7965,L6508,L8718,H8394,H8596,H5335,H1386,H2296,H3641,H8501,H1121,L10122,H413,H7464,H7079,H4473,,,,,,,,,,,,,,,,,,,,,,,,,,,,,,,,,,,,,,,,,,,,,,,,,,,,,,,,,,,,,,,,,,,,,,,,,,,,,,,,,,,,,,,,,,,,,,,,,,,,,,,
L9859,H8939,H5650,H1621,L9113,H419,,,,,,,,,,,,,,,,,,,,,,,,,,,,,,,,,,,,,,,,,,,,,,,,,,,,,,,,,,,,,,,,,,,,,,,,,,,,,,,,,,,,,,,,,,,,,,,,,,,,,,,,,,,,,,,,,,,,,,,,,,,,,
L10145,H424,,,,,,,,,,,,,,,,,,,,,,,,,,,,,,,,,,,,,,,,,,,,,,,,,,,,,,,,,,,,,,,,,,,,,,,,,,,,,,,,,,,,,,,,,,,,,,,,,,,,,,,,,,,,,,,,,,,,,,,,,,,,,,,,,
H9336,H7536,H430,H4437,H1010,H6470,L6985,,,,,,,,,,,,,,,,,,,,,,,,,,,,,,,,,,,,,,,,,,,,,,,,,,,,,,,,,,,,,,,,,,,,,,,,,,,,,,,,,,,,,,,,,,,,,,,,,,,,,,,,,,,,,,,,,,,,,,,,,,,,
H9596,L8926,L8870,H453,,,,,,,,,,,,,,,,,,,,,,,,,,,,,,,,,,,,,,,,,,,,,,,,,,,,,,,,,,,,,,,,,,,,,,,,,,,,,,,,,,,,,,,,,,,,,,,,,,,,,,,,,,,,,,,,,,,,,,,,,,,,,,,
L6130,H12487,H12418,H1806,H7888,H456,,,,,,,,,,,,,,,,,,,,,,,,,,,,,,,,,,,,,,,,,,,,,,,,,,,,,,,,,,,,,,,,,,,,,,,,,,,,,,,,,,,,,,,,,,,,,,,,,,,,,,,,,,,,,,,,,,,,,,,,,,,,,
H477,L8909,,,,,,,,,,,,,,,,,,,,,,,,,,,,,,,,,,,,,,,,,,,,,,,,,,,,,,,,,,,,,,,,,,,,,,,,,,,,,,,,,,,,,,,,,,,,,,,,,,,,,,,,,,,,,,,,,,,,,,,,,,,,,,,,,
H4272,L9899,L8854,L9983,H2080,H704,L6822,L9081,H5399,H1312,H483,L9395,L10135,L9705,,,,,,,,,,,,,,,,,,,,,,,,,,,,,,,,,,,,,,,,,,,,,,,,,,,,,,,,,,,,,,,,,,,,,,,,,,,,,,,,,,,,,,,,,,,,,,,,,,,,,,,,,,,,,,,,,,,,,
H7614,L7027,H484,,,,,,,,,,,,,,,,,,,,,,,,,,,,,,,,,,,,,,,,,,,,,,,,,,,,,,,,,,,,,,,,,,,,,,,,,,,,,,,,,,,,,,,,,,,,,,,,,,,,,,,,,,,,,,,,,,,,,,,,,,,,,,,,
L8933,H6684,H8201,L9673,H8893,L6264,H488,L8816,H5254,L7291,,,,,,,,,,,,,,,,,,,,,,,,,,,,,,,,,,,,,,,,,,,,,,,,,,,,,,,,,,,,,,,,,,,,,,,,,,,,,,,,,,,,,,,,,,,,,,,,,,,,,,,,,,,,,,,,,,,,,,,,,
L6773,H494,H955,H1327,H1950,,,,,,,,,,,,,,,,,,,,,,,,,,,,,,,,,,,,,,,,,,,,,,,,,,,,,,,,,,,,,,,,,,,,,,,,,,,,,,,,,,,,,,,,,,,,,,,,,,,,,,,,,,,,,,,,,,,,,,,,,,,,,,
H496,L9773,,,,,,,,,,,,,,,,,,,,,,,,,,,,,,,,,,,,,,,,,,,,,,,,,,,,,,,,,,,,,,,,,,,,,,,,,,,,,,,,,,,,,,,,,,,,,,,,,,,,,,,,,,,,,,,,,,,,,,,,,,,,,,,,,
H4208,H4614,H7939,H3726,H500,H9263,L6764,H7755,H8505,L7234,,,,,,,,,,,,,,,,,,,,,,,,,,,,,,,,,,,,,,,,,,,,,,,,,,,,,,,,,,,,,,,,,,,,,,,,,,,,,,,,,,,,,,,,,,,,,,,,,,,,,,,,,,,,,,,,,,,,,,,,,
H725,H8662,H9629,L6935,H3970,L9719,L7235,L6786,L9988,L6443,H502,,,,,,,,,,,,,,,,,,,,,,,,,,,,,,,,,,,,,,,,,,,,,,,,,,,,,,,,,,,,,,,,,,,,,,,,,,,,,,,,,,,,,,,,,,,,,,,,,,,,,,,,,,,,,,,,,,,,,,,,
H503,H1578,H8308,L7239,L7366,L8726,,,,,,,,,,,,,,,,,,,,,,,,,,,,,,,,,,,,,,,,,,,,,,,,,,,,,,,,,,,,,,,,,,,,,,,,,,,,,,,,,,,,,,,,,,,,,,,,,,,,,,,,,,,,,,,,,,,,,,,,,,,,,
L10134,H1009,H4665,H7381,H1843,H3880,L10211,H1093,H7271,L9898,H2707,H5705,H8406,L8994,L9247,L6480,H508,H1819,H3351,L7248,H5657,L7453,H2397,L6392,L8871,H8712,L7436,H9241,H2740,H3910,,,,,,,,,,,,,,,,,,,,,,,,,,,,,,,,,,,,,,,,,,,,,,,,,,,,,,,,,,,,,,,,,,,,,,,,,,,,,,,,,,,,,,,,,,,,,,,,,,,,,
H512,L9603,,,,,,,,,,,,,,,,,,,,,,,,,,,,,,,,,,,,,,,,,,,,,,,,,,,,,,,,,,,,,,,,,,,,,,,,,,,,,,,,,,,,,,,,,,,,,,,,,,,,,,,,,,,,,,,,,,,,,,,,,,,,,,,,,
L659,H516,,,,,,,,,,,,,,,,,,,,,,,,,,,,,,,,,,,,,,,,,,,,,,,,,,,,,,,,,,,,,,,,,,,,,,,,,,,,,,,,,,,,,,,,,,,,,,,,,,,,,,,,,,,,,,,,,,,,,,,,,,,,,,,,,
H2086,H6204,L9474,H1772,L9757,H2483,L6522,L8919,L8764,L10149,H2374,H3723,H7029,H521,H1637,,,,,,,,,,,,,,,,,,,,,,,,,,,,,,,,,,,,,,,,,,,,,,,,,,,,,,,,,,,,,,,,,,,,,,,,,,,,,,,,,,,,,,,,,,,,,,,,,,,,,,,,,,,,,,,,,,,,
L6603,H552,,,,,,,,,,,,,,,,,,,,,,,,,,,,,,,,,,,,,,,,,,,,,,,,,,,,,,,,,,,,,,,,,,,,,,,,,,,,,,,,,,,,,,,,,,,,,,,,,,,,,,,,,,,,,,,,,,,,,,,,,,,,,,,,,
H559,H2089,H1151,L9431,L10258,H1175,H2391,H572,L9829,,,,,,,,,,,,,,,,,,,,,,,,,,,,,,,,,,,,,,,,,,,,,,,,,,,,,,,,,,,,,,,,,,,,,,,,,,,,,,,,,,,,,,,,,,,,,,,,,,,,,,,,,,,,,,,,,,,,,,,,,,
H2771,L7087,L6384,H4583,H561,,,,,,,,,,,,,,,,,,,,,,,,,,,,,,,,,,,,,,,,,,,,,,,,,,,,,,,,,,,,,,,,,,,,,,,,,,,,,,,,,,,,,,,,,,,,,,,,,,,,,,,,,,,,,,,,,,,,,,,,,,,,,,
H734,L9528,H623,L10268,H1989,L9123,H569,,,,,,,,,,,,,,,,,,,,,,,,,,,,,,,,,,,,,,,,,,,,,,,,,,,,,,,,,,,,,,,,,,,,,,,,,,,,,,,,,,,,,,,,,,,,,,,,,,,,,,,,,,,,,,,,,,,,,,,,,,,,
H1011,H2218,H4722,H3851,H3068,L10163,L9235,H705,H2399,H4740,H1429,H1074,H5519,H4095,H580,,,,,,,,,,,,,,,,,,,,,,,,,,,,,,,,,,,,,,,,,,,,,,,,,,,,,,,,,,,,,,,,,,,,,,,,,,,,,,,,,,,,,,,,,,,,,,,,,,,,,,,,,,,,,,,,,,,,
H4584,H1777,H712,L6187,H8209,H1305,H589,L7225,H4699,H4687,L7241,L9076,L7072,H8388,L7164,,,,,,,,,,,,,,,,,,,,,,,,,,,,,,,,,,,,,,,,,,,,,,,,,,,,,,,,,,,,,,,,,,,,,,,,,,,,,,,,,,,,,,,,,,,,,,,,,,,,,,,,,,,,,,,,,,,,
H1800,H7474,H8899,H3690,H4844,H3779,H1702,H9368,L7090,H1383,H8856,H646,H1513,H5514,L10320,H2358,H2382,H979,H5013,L9006,L7416,H2314,H590,L10077,H4587,L10207,L6816,L6255,L8912,H5409,L6516,,,,,,,,,,,,,,,,,,,,,,,,,,,,,,,,,,,,,,,,,,,,,,,,,,,,,,,,,,,,,,,,,,,,,,,,,,,,,,,,,,,,,,,,,,,,,,,,,,,,
L9021,H613,,,,,,,,,,,,,,,,,,,,,,,,,,,,,,,,,,,,,,,,,,,,,,,,,,,,,,,,,,,,,,,,,,,,,,,,,,,,,,,,,,,,,,,,,,,,,,,,,,,,,,,,,,,,,,,,,,,,,,,,,,,,,,,,,
H1053,H3217,H5080,H6698,L6567,H621,H2045,,,,,,,,,,,,,,,,,,,,,,,,,,,,,,,,,,,,,,,,,,,,,,,,,,,,,,,,,,,,,,,,,,,,,,,,,,,,,,,,,,,,,,,,,,,,,,,,,,,,,,,,,,,,,,,,,,,,,,,,,,,,
H668,L9605,H9507,H631,H2007,L8966,,,,,,,,,,,,,,,,,,,,,,,,,,,,,,,,,,,,,,,,,,,,,,,,,,,,,,,,,,,,,,,,,,,,,,,,,,,,,,,,,,,,,,,,,,,,,,,,,,,,,,,,,,,,,,,,,,,,,,,,,,,,,
L6789,H7513,H8475,H7649,H9074,L9463,H9404,L6828,L94,H7851,H9237,H643,,,,,,,,,,,,,,,,,,,,,,,,,,,,,,,,,,,,,,,,,,,,,,,,,,,,,,,,,,,,,,,,,,,,,,,,,,,,,,,,,,,,,,,,,,,,,,,,,,,,,,,,,,,,,,,,,,,,,,,
L7594,L10013,L10261,L9616,H3636,H1812,H1152,H3687,H2211,L8785,L9230,H4137,H2104,L8822,H1490,L9004,L9318,H1853,L6747,H4918,H5867,H5214,L7413,H644,H975,L9020,,,,,,,,,,,,,,,,,,,,,,,,,,,,,,,,,,,,,,,,,,,,,,,,,,,,,,,,,,,,,,,,,,,,,,,,,,,,,,,,,,,,,,,,,,,,,,,,,,,,,,,,,
L9111,H651,,,,,,,,,,,,,,,,,,,,,,,,,,,,,,,,,,,,,,,,,,,,,,,,,,,,,,,,,,,,,,,,,,,,,,,,,,,,,,,,,,,,,,,,,,,,,,,,,,,,,,,,,,,,,,,,,,,,,,,,,,,,,,,,,
H9049,L6864,H2570,H3624,H8057,H8442,H8782,L6896,H658,H8695,L6489,,,,,,,,,,,,,,,,,,,,,,,,,,,,,,,,,,,,,,,,,,,,,,,,,,,,,,,,,,,,,,,,,,,,,,,,,,,,,,,,,,,,,,,,,,,,,,,,,,,,,,,,,,,,,,,,,,,,,,,,
H664,L785,,,,,,,,,,,,,,,,,,,,,,,,,,,,,,,,,,,,,,,,,,,,,,,,,,,,,,,,,,,,,,,,,,,,,,,,,,,,,,,,,,,,,,,,,,,,,,,,,,,,,,,,,,,,,,,,,,,,,,,,,,,,,,,,,
H9138,H9226,H669,L7387,H6487,H6411,L7296,H8021,,,,,,,,,,,,,,,,,,,,,,,,,,,,,,,,,,,,,,,,,,,,,,,,,,,,,,,,,,,,,,,,,,,,,,,,,,,,,,,,,,,,,,,,,,,,,,,,,,,,,,,,,,,,,,,,,,,,,,,,,,,
H673,L7268,,,,,,,,,,,,,,,,,,,,,,,,,,,,,,,,,,,,,,,,,,,,,,,,,,,,,,,,,,,,,,,,,,,,,,,,,,,,,,,,,,,,,,,,,,,,,,,,,,,,,,,,,,,,,,,,,,,,,,,,,,,,,,,,,
H12125,H9664,H3697,L7131,H7891,L6229,H2222,L6468,H678,H3724,H6381,H3770,H4594,H9428,H1741,L9068,H12642,L6660,H5306,H3125,L10054,L9458,H9013,H9000,H8925,H3461,L6483,H5359,H3105,H2470,H6205,H9415,,,,,,,,,,,,,,,,,,,,,,,,,,,,,,,,,,,,,,,,,,,,,,,,,,,,,,,,,,,,,,,,,,,,,,,,,,,,,,,,,,,,,,,,,,,,,,,,,,,
H4608,H1664,H2202,H8830,L7062,H1465,H720,H9218,H7981,H4819,H8976,L9582,L9396,H5152,H1585,L7007,L6190,H3250,L6968,L8930,H8339,L6695,H8814,H1064,H5594,H3438,H7596,H2502,H3640,L9203,L6536,L7270,H1561,H9649,H7236,H4752,H4260,,,,,,,,,,,,,,,,,,,,,,,,,,,,,,,,,,,,,,,,,,,,,,,,,,,,,,,,,,,,,,,,,,,,,,,,,,,,,,,,,,,,,,,,,,,,,,
H752,H726,H1136,L10189,H9653,,,,,,,,,,,,,,,,,,,,,,,,,,,,,,,,,,,,,,,,,,,,,,,,,,,,,,,,,,,,,,,,,,,,,,,,,,,,,,,,,,,,,,,,,,,,,,,,,,,,,,,,,,,,,,,,,,,,,,,,,,,,,,
H841,H9670,H860,H4701,H729,H9543,L8955,H3825,,,,,,,,,,,,,,,,,,,,,,,,,,,,,,,,,,,,,,,,,,,,,,,,,,,,,,,,,,,,,,,,,,,,,,,,,,,,,,,,,,,,,,,,,,,,,,,,,,,,,,,,,,,,,,,,,,,,,,,,,,,
H8348,H743,L6408,,,,,,,,,,,,,,,,,,,,,,,,,,,,,,,,,,,,,,,,,,,,,,,,,,,,,,,,,,,,,,,,,,,,,,,,,,,,,,,,,,,,,,,,,,,,,,,,,,,,,,,,,,,,,,,,,,,,,,,,,,,,,,,,
L7375,H747,,,,,,,,,,,,,,,,,,,,,,,,,,,,,,,,,,,,,,,,,,,,,,,,,,,,,,,,,,,,,,,,,,,,,,,,,,,,,,,,,,,,,,,,,,,,,,,,,,,,,,,,,,,,,,,,,,,,,,,,,,,,,,,,,
L6993,H787,H1320,L7028,H2506,,,,,,,,,,,,,,,,,,,,,,,,,,,,,,,,,,,,,,,,,,,,,,,,,,,,,,,,,,,,,,,,,,,,,,,,,,,,,,,,,,,,,,,,,,,,,,,,,,,,,,,,,,,,,,,,,,,,,,,,,,,,,,
H789,L7045,,,,,,,,,,,,,,,,,,,,,,,,,,,,,,,,,,,,,,,,,,,,,,,,,,,,,,,,,,,,,,,,,,,,,,,,,,,,,,,,,,,,,,,,,,,,,,,,,,,,,,,,,,,,,,,,,,,,,,,,,,,,,,,,,
H7493,L9479,L10282,H1907,L9272,H2890,L9689,H3294,H4445,H823,H2171,H5838,L7261,H2718,L9197,H4311,H1778,H892,H1006,L9649,H9224,H4813,L8910,H1032,H5588,,,,,,,,,,,,,,,,,,,,,,,,,,,,,,,,,,,,,,,,,,,,,,,,,,,,,,,,,,,,,,,,,,,,,,,,,,,,,,,,,,,,,,,,,,,,,,,,,,,,,,,,,,
L8874,H847,,,,,,,,,,,,,,,,,,,,,,,,,,,,,,,,,,,,,,,,,,,,,,,,,,,,,,,,,,,,,,,,,,,,,,,,,,,,,,,,,,,,,,,,,,,,,,,,,,,,,,,,,,,,,,,,,,,,,,,,,,,,,,,,,
H8564,H4947,H7686,H8220,L901,H2563,H7338,L7016,L7382,L7101,H2157,H3561,H5007,H4657,L9051,L7258,H6588,H857,H1543,H2111,L6497,,,,,,,,,,,,,,,,,,,,,,,,,,,,,,,,,,,,,,,,,,,,,,,,,,,,,,,,,,,,,,,,,,,,,,,,,,,,,,,,,,,,,,,,,,,,,,,,,,,,,,,,,,,,,,
H1126,H3898,L9489,H4058,L6918,H2360,H5361,H865,H1421,H7540,H1054,H5507,,,,,,,,,,,,,,,,,,,,,,,,,,,,,,,,,,,,,,,,,,,,,,,,,,,,,,,,,,,,,,,,,,,,,,,,,,,,,,,,,,,,,,,,,,,,,,,,,,,,,,,,,,,,,,,,,,,,,,,
L10178,H867,,,,,,,,,,,,,,,,,,,,,,,,,,,,,,,,,,,,,,,,,,,,,,,,,,,,,,,,,,,,,,,,,,,,,,,,,,,,,,,,,,,,,,,,,,,,,,,,,,,,,,,,,,,,,,,,,,,,,,,,,,,,,,,,,
L6530,H6483,H1717,H5716,H4454,L6749,H3764,H1876,H868,,,,,,,,,,,,,,,,,,,,,,,,,,,,,,,,,,,,,,,,,,,,,,,,,,,,,,,,,,,,,,,,,,,,,,,,,,,,,,,,,,,,,,,,,,,,,,,,,,,,,,,,,,,,,,,,,,,,,,,,,,
H6442,H7579,H5779,H5265,H2781,L768,H1827,H5148,L7148,H9204,L10222,H4542,L6202,H5601,H877,H2394,,,,,,,,,,,,,,,,,,,,,,,,,,,,,,,,,,,,,,,,,,,,,,,,,,,,,,,,,,,,,,,,,,,,,,,,,,,,,,,,,,,,,,,,,,,,,,,,,,,,,,,,,,,,,,,,,,,
H878,H5347,L8740,L9667,,,,,,,,,,,,,,,,,,,,,,,,,,,,,,,,,,,,,,,,,,,,,,,,,,,,,,,,,,,,,,,,,,,,,,,,,,,,,,,,,,,,,,,,,,,,,,,,,,,,,,,,,,,,,,,,,,,,,,,,,,,,,,,
L406,H1927,L9327,L67,L9626,H3090,L6556,L1272,L6131,H3442,H4191,H2126,H883,H5660,H2441,L6989,L10230,H1871,H7048,L9610,H2351,H9583,L6645,H7999,L7253,L6628,H3711,H3580,H7406,,,,,,,,,,,,,,,,,,,,,,,,,,,,,,,,,,,,,,,,,,,,,,,,,,,,,,,,,,,,,,,,,,,,,,,,,,,,,,,,,,,,,,,,,,,,,,,,,,,,,,
L6423,H908,,,,,,,,,,,,,,,,,,,,,,,,,,,,,,,,,,,,,,,,,,,,,,,,,,,,,,,,,,,,,,,,,,,,,,,,,,,,,,,,,,,,,,,,,,,,,,,,,,,,,,,,,,,,,,,,,,,,,,,,,,,,,,,,,
L10067,H925,H3457,L9638,H2453,H1242,H1096,,,,,,,,,,,,,,,,,,,,,,,,,,,,,,,,,,,,,,,,,,,,,,,,,,,,,,,,,,,,,,,,,,,,,,,,,,,,,,,,,,,,,,,,,,,,,,,,,,,,,,,,,,,,,,,,,,,,,,,,,,,,
H959,L8972,,,,,,,,,,,,,,,,,,,,,,,,,,,,,,,,,,,,,,,,,,,,,,,,,,,,,,,,,,,,,,,,,,,,,,,,,,,,,,,,,,,,,,,,,,,,,,,,,,,,,,,,,,,,,,,,,,,,,,,,,,,,,,,,,
H4524,H7487,H1423,H962,H3618,H1698,H8954,H9132,L7445,L7221,L9369,H7833,L6745,H2263,H1946,L7018,H1506,L7237,L8795,H9445,H1675,H6688,H8851,H9980,,,,,,,,,,,,,,,,,,,,,,,,,,,,,,,,,,,,,,,,,,,,,,,,,,,,,,,,,,,,,,,,,,,,,,,,,,,,,,,,,,,,,,,,,,,,,,,,,,,,,,,,,,,
H1153,H2407,L10205,H992,,,,,,,,,,,,,,,,,,,,,,,,,,,,,,,,,,,,,,,,,,,,,,,,,,,,,,,,,,,,,,,,,,,,,,,,,,,,,,,,,,,,,,,,,,,,,,,,,,,,,,,,,,,,,,,,,,,,,,,,,,,,,,,
H4355,H1004,L9720,L9163,H3633,L9477,L9783,H4123,H2060,L10329,,,,,,,,,,,,,,,,,,,,,,,,,,,,,,,,,,,,,,,,,,,,,,,,,,,,,,,,,,,,,,,,,,,,,,,,,,,,,,,,,,,,,,,,,,,,,,,,,,,,,,,,,,,,,,,,,,,,,,,,,
H3534,L6807,H8755,L6410,H5874,H4489,H1954,H4116,L7394,H8324,L7050,H2028,H1025,,,,,,,,,,,,,,,,,,,,,,,,,,,,,,,,,,,,,,,,,,,,,,,,,,,,,,,,,,,,,,,,,,,,,,,,,,,,,,,,,,,,,,,,,,,,,,,,,,,,,,,,,,,,,,,,,,,,,,
H7872,H8095,L6714,H1076,L6845,H3074,H1030,H2616,H1697,H6644,L7308,H6796,L7411,H2378,L6216,H2443,H5692,H4728,H8063,H7958,L9136,L6951,H9163,L9225,,,,,,,,,,,,,,,,,,,,,,,,,,,,,,,,,,,,,,,,,,,,,,,,,,,,,,,,,,,,,,,,,,,,,,,,,,,,,,,,,,,,,,,,,,,,,,,,,,,,,,,,,,,
H1033,H2106,L9106,H8087,,,,,,,,,,,,,,,,,,,,,,,,,,,,,,,,,,,,,,,,,,,,,,,,,,,,,,,,,,,,,,,,,,,,,,,,,,,,,,,,,,,,,,,,,,,,,,,,,,,,,,,,,,,,,,,,,,,,,,,,,,,,,,,
H1047,H4923,H1985,L7122,H7827,,,,,,,,,,,,,,,,,,,,,,,,,,,,,,,,,,,,,,,,,,,,,,,,,,,,,,,,,,,,,,,,,,,,,,,,,,,,,,,,,,,,,,,,,,,,,,,,,,,,,,,,,,,,,,,,,,,,,,,,,,,,,,
L10387,H1049,,,,,,,,,,,,,,,,,,,,,,,,,,,,,,,,,,,,,,,,,,,,,,,,,,,,,,,,,,,,,,,,,,,,,,,,,,,,,,,,,,,,,,,,,,,,,,,,,,,,,,,,,,,,,,,,,,,,,,,,,,,,,,,,,
H1059,L6293,H8654,L9515,,,,,,,,,,,,,,,,,,,,,,,,,,,,,,,,,,,,,,,,,,,,,,,,,,,,,,,,,,,,,,,,,,,,,,,,,,,,,,,,,,,,,,,,,,,,,,,,,,,,,,,,,,,,,,,,,,,,,,,,,,,,,,,
L7118,H5010,H2187,L10180,L559,L9444,H3586,H1101,,,,,,,,,,,,,,,,,,,,,,,,,,,,,,,,,,,,,,,,,,,,,,,,,,,,,,,,,,,,,,,,,,,,,,,,,,,,,,,,,,,,,,,,,,,,,,,,,,,,,,,,,,,,,,,,,,,,,,,,,,,
L6654,L6832,H2051,H1103,,,,,,,,,,,,,,,,,,,,,,,,,,,,,,,,,,,,,,,,,,,,,,,,,,,,,,,,,,,,,,,,,,,,,,,,,,,,,,,,,,,,,,,,,,,,,,,,,,,,,,,,,,,,,,,,,,,,,,,,,,,,,,,
L6727,H1108,,,,,,,,,,,,,,,,,,,,,,,,,,,,,,,,,,,,,,,,,,,,,,,,,,,,,,,,,,,,,,,,,,,,,,,,,,,,,,,,,,,,,,,,,,,,,,,,,,,,,,,,,,,,,,,,,,,,,,,,,,,,,,,,,
L9191,H9553,H1111,L10257,,,,,,,,,,,,,,,,,,,,,,,,,,,,,,,,,,,,,,,,,,,,,,,,,,,,,,,,,,,,,,,,,,,,,,,,,,,,,,,,,,,,,,,,,,,,,,,,,,,,,,,,,,,,,,,,,,,,,,,,,,,,,,,
H1249,H4176,H2299,H5821,H4775,H1523,H2526,H11034,H1216,L6595,L7116,L9211,L6937,L9192,L6292,H5037,H4826,L7412,H8287,L6542,L6997,H8675,L6846,H2354,H1112,H2130,,,,,,,,,,,,,,,,,,,,,,,,,,,,,,,,,,,,,,,,,,,,,,,,,,,,,,,,,,,,,,,,,,,,,,,,,,,,,,,,,,,,,,,,,,,,,,,,,,,,,,,,,
L6135,L8807,H8034,H5289,L6848,H2185,H9574,L7401,H4553,H3202,L6314,H1114,H5130,,,,,,,,,,,,,,,,,,,,,,,,,,,,,,,,,,,,,,,,,,,,,,,,,,,,,,,,,,,,,,,,,,,,,,,,,,,,,,,,,,,,,,,,,,,,,,,,,,,,,,,,,,,,,,,,,,,,,,
H9595,L8925,H2118,H1117,,,,,,,,,,,,,,,,,,,,,,,,,,,,,,,,,,,,,,,,,,,,,,,,,,,,,,,,,,,,,,,,,,,,,,,,,,,,,,,,,,,,,,,,,,,,,,,,,,,,,,,,,,,,,,,,,,,,,,,,,,,,,,,
H1119,L9911,,,,,,,,,,,,,,,,,,,,,,,,,,,,,,,,,,,,,,,,,,,,,,,,,,,,,,,,,,,,,,,,,,,,,,,,,,,,,,,,,,,,,,,,,,,,,,,,,,,,,,,,,,,,,,,,,,,,,,,,,,,,,,,,,
H1122,H1786,L9798,L9608,L9426,,,,,,,,,,,,,,,,,,,,,,,,,,,,,,,,,,,,,,,,,,,,,,,,,,,,,,,,,,,,,,,,,,,,,,,,,,,,,,,,,,,,,,,,,,,,,,,,,,,,,,,,,,,,,,,,,,,,,,,,,,,,,,
L9643,H1173,,,,,,,,,,,,,,,,,,,,,,,,,,,,,,,,,,,,,,,,,,,,,,,,,,,,,,,,,,,,,,,,,,,,,,,,,,,,,,,,,,,,,,,,,,,,,,,,,,,,,,,,,,,,,,,,,,,,,,,,,,,,,,,,,
H1191,L9259,,,,,,,,,,,,,,,,,,,,,,,,,,,,,,,,,,,,,,,,,,,,,,,,,,,,,,,,,,,,,,,,,,,,,,,,,,,,,,,,,,,,,,,,,,,,,,,,,,,,,,,,,,,,,,,,,,,,,,,,,,,,,,,,,
L8900,L10007,L9659,H9624,H1538,H1200,H5644,L9487,,,,,,,,,,,,,,,,,,,,,,,,,,,,,,,,,,,,,,,,,,,,,,,,,,,,,,,,,,,,,,,,,,,,,,,,,,,,,,,,,,,,,,,,,,,,,,,,,,,,,,,,,,,,,,,,,,,,,,,,,,,
H7619,H8928,L10218,H8563,H6434,L9417,H1554,H1203,,,,,,,,,,,,,,,,,,,,,,,,,,,,,,,,,,,,,,,,,,,,,,,,,,,,,,,,,,,,,,,,,,,,,,,,,,,,,,,,,,,,,,,,,,,,,,,,,,,,,,,,,,,,,,,,,,,,,,,,,,,
H4811,H6725,H5389,H2685,H1218,H7623,H4393,L10034,L6598,H2239,L6186,L9228,L6906,H3487,H4648,L7432,H7943,L1282,H1269,L7144,,,,,,,,,,,,,,,,,,,,,,,,,,,,,,,,,,,,,,,,,,,,,,,,,,,,,,,,,,,,,,,,,,,,,,,,,,,,,,,,,,,,,,,,,,,,,,,,,,,,,,,,,,,,,,,
H4955,H1332,H2895,H8313,L6777,H1228,H5777,H2646,,,,,,,,,,,,,,,,,,,,,,,,,,,,,,,,,,,,,,,,,,,,,,,,,,,,,,,,,,,,,,,,,,,,,,,,,,,,,,,,,,,,,,,,,,,,,,,,,,,,,,,,,,,,,,,,,,,,,,,,,,,
H1233,L6949,,,,,,,,,,,,,,,,,,,,,,,,,,,,,,,,,,,,,,,,,,,,,,,,,,,,,,,,,,,,,,,,,,,,,,,,,,,,,,,,,,,,,,,,,,,,,,,,,,,,,,,,,,,,,,,,,,,,,,,,,,,,,,,,,
H1991,H2197,L9212,H1811,H1237,L9933,L6735,H2312,,,,,,,,,,,,,,,,,,,,,,,,,,,,,,,,,,,,,,,,,,,,,,,,,,,,,,,,,,,,,,,,,,,,,,,,,,,,,,,,,,,,,,,,,,,,,,,,,,,,,,,,,,,,,,,,,,,,,,,,,,,
L6904,H3523,H5614,L6528,H1250,L6453,H5545,,,,,,,,,,,,,,,,,,,,,,,,,,,,,,,,,,,,,,,,,,,,,,,,,,,,,,,,,,,,,,,,,,,,,,,,,,,,,,,,,,,,,,,,,,,,,,,,,,,,,,,,,,,,,,,,,,,,,,,,,,,,
H10039,H1508,H10527,H1251,L9194,,,,,,,,,,,,,,,,,,,,,,,,,,,,,,,,,,,,,,,,,,,,,,,,,,,,,,,,,,,,,,,,,,,,,,,,,,,,,,,,,,,,,,,,,,,,,,,,,,,,,,,,,,,,,,,,,,,,,,,,,,,,,,
H1256,L10005,,,,,,,,,,,,,,,,,,,,,,,,,,,,,,,,,,,,,,,,,,,,,,,,,,,,,,,,,,,,,,,,,,,,,,,,,,,,,,,,,,,,,,,,,,,,,,,,,,,,,,,,,,,,,,,,,,,,,,,,,,,,,,,,,
H1937,H1832,H1292,H3533,L8928,H12898,H10928,L9184,H4447,,,,,,,,,,,,,,,,,,,,,,,,,,,,,,,,,,,,,,,,,,,,,,,,,,,,,,,,,,,,,,,,,,,,,,,,,,,,,,,,,,,,,,,,,,,,,,,,,,,,,,,,,,,,,,,,,,,,,,,,,,
H1359,L9523,,,,,,,,,,,,,,,,,,,,,,,,,,,,,,,,,,,,,,,,,,,,,,,,,,,,,,,,,,,,,,,,,,,,,,,,,,,,,,,,,,,,,,,,,,,,,,,,,,,,,,,,,,,,,,,,,,,,,,,,,,,,,,,,,
H1415,L6725,,,,,,,,,,,,,,,,,,,,,,,,,,,,,,,,,,,,,,,,,,,,,,,,,,,,,,,,,,,,,,,,,,,,,,,,,,,,,,,,,,,,,,,,,,,,,,,,,,,,,,,,,,,,,,,,,,,,,,,,,,,,,,,,,
L9063,H1416,L9607,L10266,H1822,H2012,L9598,,,,,,,,,,,,,,,,,,,,,,,,,,,,,,,,,,,,,,,,,,,,,,,,,,,,,,,,,,,,,,,,,,,,,,,,,,,,,,,,,,,,,,,,,,,,,,,,,,,,,,,,,,,,,,,,,,,,,,,,,,,,
H1450,L9221,L9187,H2494,,,,,,,,,,,,,,,,,,,,,,,,,,,,,,,,,,,,,,,,,,,,,,,,,,,,,,,,,,,,,,,,,,,,,,,,,,,,,,,,,,,,,,,,,,,,,,,,,,,,,,,,,,,,,,,,,,,,,,,,,,,,,,,
L6978,H1472,,,,,,,,,,,,,,,,,,,,,,,,,,,,,,,,,,,,,,,,,,,,,,,,,,,,,,,,,,,,,,,,,,,,,,,,,,,,,,,,,,,,,,,,,,,,,,,,,,,,,,,,,,,,,,,,,,,,,,,,,,,,,,,,,
H1518,L9146,L8746,L9777,H4957,L8958,H1900,L9641,,,,,,,,,,,,,,,,,,,,,,,,,,,,,,,,,,,,,,,,,,,,,,,,,,,,,,,,,,,,,,,,,,,,,,,,,,,,,,,,,,,,,,,,,,,,,,,,,,,,,,,,,,,,,,,,,,,,,,,,,,,
L6331,H1521,H5819,L6664,,,,,,,,,,,,,,,,,,,,,,,,,,,,,,,,,,,,,,,,,,,,,,,,,,,,,,,,,,,,,,,,,,,,,,,,,,,,,,,,,,,,,,,,,,,,,,,,,,,,,,,,,,,,,,,,,,,,,,,,,,,,,,,
L8820,H1522,,,,,,,,,,,,,,,,,,,,,,,,,,,,,,,,,,,,,,,,,,,,,,,,,,,,,,,,,,,,,,,,,,,,,,,,,,,,,,,,,,,,,,,,,,,,,,,,,,,,,,,,,,,,,,,,,,,,,,,,,,,,,,,,,
H3738,L10324,H1537,L6778,H1722,H5283,L6466,H4301,H4438,H1926,L6889,H8719,H8659,,,,,,,,,,,,,,,,,,,,,,,,,,,,,,,,,,,,,,,,,,,,,,,,,,,,,,,,,,,,,,,,,,,,,,,,,,,,,,,,,,,,,,,,,,,,,,,,,,,,,,,,,,,,,,,,,,,,,,
L9503,L9929,H1555,H4712,H9503,,,,,,,,,,,,,,,,,,,,,,,,,,,,,,,,,,,,,,,,,,,,,,,,,,,,,,,,,,,,,,,,,,,,,,,,,,,,,,,,,,,,,,,,,,,,,,,,,,,,,,,,,,,,,,,,,,,,,,,,,,,,,,
L6348,H1599,,,,,,,,,,,,,,,,,,,,,,,,,,,,,,,,,,,,,,,,,,,,,,,,,,,,,,,,,,,,,,,,,,,,,,,,,,,,,,,,,,,,,,,,,,,,,,,,,,,,,,,,,,,,,,,,,,,,,,,,,,,,,,,,,
L6610,L6920,H1640,,,,,,,,,,,,,,,,,,,,,,,,,,,,,,,,,,,,,,,,,,,,,,,,,,,,,,,,,,,,,,,,,,,,,,,,,,,,,,,,,,,,,,,,,,,,,,,,,,,,,,,,,,,,,,,,,,,,,,,,,,,,,,,,
L9065,H1667,,,,,,,,,,,,,,,,,,,,,,,,,,,,,,,,,,,,,,,,,,,,,,,,,,,,,,,,,,,,,,,,,,,,,,,,,,,,,,,,,,,,,,,,,,,,,,,,,,,,,,,,,,,,,,,,,,,,,,,,,,,,,,,,,
H1671,L8747,,,,,,,,,,,,,,,,,,,,,,,,,,,,,,,,,,,,,,,,,,,,,,,,,,,,,,,,,,,,,,,,,,,,,,,,,,,,,,,,,,,,,,,,,,,,,,,,,,,,,,,,,,,,,,,,,,,,,,,,,,,,,,,,,
H1688,L1013,H8943,,,,,,,,,,,,,,,,,,,,,,,,,,,,,,,,,,,,,,,,,,,,,,,,,,,,,,,,,,,,,,,,,,,,,,,,,,,,,,,,,,,,,,,,,,,,,,,,,,,,,,,,,,,,,,,,,,,,,,,,,,,,,,,,
H1692,L6795,H2268,L9971,,,,,,,,,,,,,,,,,,,,,,,,,,,,,,,,,,,,,,,,,,,,,,,,,,,,,,,,,,,,,,,,,,,,,,,,,,,,,,,,,,,,,,,,,,,,,,,,,,,,,,,,,,,,,,,,,,,,,,,,,,,,,,,
L6785,H5834,H7308,H1712,,,,,,,,,,,,,,,,,,,,,,,,,,,,,,,,,,,,,,,,,,,,,,,,,,,,,,,,,,,,,,,,,,,,,,,,,,,,,,,,,,,,,,,,,,,,,,,,,,,,,,,,,,,,,,,,,,,,,,,,,,,,,,,
H1732,L6748,,,,,,,,,,,,,,,,,,,,,,,,,,,,,,,,,,,,,,,,,,,,,,,,,,,,,,,,,,,,,,,,,,,,,,,,,,,,,,,,,,,,,,,,,,,,,,,,,,,,,,,,,,,,,,,,,,,,,,,,,,,,,,,,,
L8866,H1749,,,,,,,,,,,,,,,,,,,,,,,,,,,,,,,,,,,,,,,,,,,,,,,,,,,,,,,,,,,,,,,,,,,,,,,,,,,,,,,,,,,,,,,,,,,,,,,,,,,,,,,,,,,,,,,,,,,,,,,,,,,,,,,,,
H1766,L10298,,,,,,,,,,,,,,,,,,,,,,,,,,,,,,,,,,,,,,,,,,,,,,,,,,,,,,,,,,,,,,,,,,,,,,,,,,,,,,,,,,,,,,,,,,,,,,,,,,,,,,,,,,,,,,,,,,,,,,,,,,,,,,,,,
L6859,H1796,,,,,,,,,,,,,,,,,,,,,,,,,,,,,,,,,,,,,,,,,,,,,,,,,,,,,,,,,,,,,,,,,,,,,,,,,,,,,,,,,,,,,,,,,,,,,,,,,,,,,,,,,,,,,,,,,,,,,,,,,,,,,,,,,
H2052,L9621,H4065,L6227,H1803,L9393,H2500,,,,,,,,,,,,,,,,,,,,,,,,,,,,,,,,,,,,,,,,,,,,,,,,,,,,,,,,,,,,,,,,,,,,,,,,,,,,,,,,,,,,,,,,,,,,,,,,,,,,,,,,,,,,,,,,,,,,,,,,,,,,
H5387,H1839,H3598,L9462,,,,,,,,,,,,,,,,,,,,,,,,,,,,,,,,,,,,,,,,,,,,,,,,,,,,,,,,,,,,,,,,,,,,,,,,,,,,,,,,,,,,,,,,,,,,,,,,,,,,,,,,,,,,,,,,,,,,,,,,,,,,,,,
H1903,L9139,H9589,,,,,,,,,,,,,,,,,,,,,,,,,,,,,,,,,,,,,,,,,,,,,,,,,,,,,,,,,,,,,,,,,,,,,,,,,,,,,,,,,,,,,,,,,,,,,,,,,,,,,,,,,,,,,,,,,,,,,,,,,,,,,,,,
H7313,H1906,L6849,,,,,,,,,,,,,,,,,,,,,,,,,,,,,,,,,,,,,,,,,,,,,,,,,,,,,,,,,,,,,,,,,,,,,,,,,,,,,,,,,,,,,,,,,,,,,,,,,,,,,,,,,,,,,,,,,,,,,,,,,,,,,,,,
H1923,L1130,H9155,,,,,,,,,,,,,,,,,,,,,,,,,,,,,,,,,,,,,,,,,,,,,,,,,,,,,,,,,,,,,,,,,,,,,,,,,,,,,,,,,,,,,,,,,,,,,,,,,,,,,,,,,,,,,,,,,,,,,,,,,,,,,,,,
L7444,H1945,L6716,H9331,L9137,H8096,H4426,H2103,L9052,H7423,L10355,L9919,,,,,,,,,,,,,,,,,,,,,,,,,,,,,,,,,,,,,,,,,,,,,,,,,,,,,,,,,,,,,,,,,,,,,,,,,,,,,,,,,,,,,,,,,,,,,,,,,,,,,,,,,,,,,,,,,,,,,,,
H11084,H7370,L10089,H7007,L8804,H5066,H1956,L7216,,,,,,,,,,,,,,,,,,,,,,,,,,,,,,,,,,,,,,,,,,,,,,,,,,,,,,,,,,,,,,,,,,,,,,,,,,,,,,,,,,,,,,,,,,,,,,,,,,,,,,,,,,,,,,,,,,,,,,,,,,,
L6366,H1958,H8573,,,,,,,,,,,,,,,,,,,,,,,,,,,,,,,,,,,,,,,,,,,,,,,,,,,,,,,,,,,,,,,,,,,,,,,,,,,,,,,,,,,,,,,,,,,,,,,,,,,,,,,,,,,,,,,,,,,,,,,,,,,,,,,,
H5173,H3859,H6167,L6201,H9047,H6570,H3688,L7208,L9804,L805,H5344,H1980,H2656,L6878,H7266,H5189,H7412,H9366,H6371,L9817,H2805,H3229,,,,,,,,,,,,,,,,,,,,,,,,,,,,,,,,,,,,,,,,,,,,,,,,,,,,,,,,,,,,,,,,,,,,,,,,,,,,,,,,,,,,,,,,,,,,,,,,,,,,,,,,,,,,,
L9945,H1987,L8946,L9185,H2481,,,,,,,,,,,,,,,,,,,,,,,,,,,,,,,,,,,,,,,,,,,,,,,,,,,,,,,,,,,,,,,,,,,,,,,,,,,,,,,,,,,,,,,,,,,,,,,,,,,,,,,,,,,,,,,,,,,,,,,,,,,,,,
L6541,H2034,,,,,,,,,,,,,,,,,,,,,,,,,,,,,,,,,,,,,,,,,,,,,,,,,,,,,,,,,,,,,,,,,,,,,,,,,,,,,,,,,,,,,,,,,,,,,,,,,,,,,,,,,,,,,,,,,,,,,,,,,,,,,,,,,
H2038,L7354,,,,,,,,,,,,,,,,,,,,,,,,,,,,,,,,,,,,,,,,,,,,,,,,,,,,,,,,,,,,,,,,,,,,,,,,,,,,,,,,,,,,,,,,,,,,,,,,,,,,,,,,,,,,,,,,,,,,,,,,,,,,,,,,,
H2040,L6983,H8780,,,,,,,,,,,,,,,,,,,,,,,,,,,,,,,,,,,,,,,,,,,,,,,,,,,,,,,,,,,,,,,,,,,,,,,,,,,,,,,,,,,,,,,,,,,,,,,,,,,,,,,,,,,,,,,,,,,,,,,,,,,,,,,,
H2054,L9447,,,,,,,,,,,,,,,,,,,,,,,,,,,,,,,,,,,,,,,,,,,,,,,,,,,,,,,,,,,,,,,,,,,,,,,,,,,,,,,,,,,,,,,,,,,,,,,,,,,,,,,,,,,,,,,,,,,,,,,,,,,,,,,,,
H2863,H2055,L6837,H9029,H3628,,,,,,,,,,,,,,,,,,,,,,,,,,,,,,,,,,,,,,,,,,,,,,,,,,,,,,,,,,,,,,,,,,,,,,,,,,,,,,,,,,,,,,,,,,,,,,,,,,,,,,,,,,,,,,,,,,,,,,,,,,,,,,
L9531,H2088,,,,,,,,,,,,,,,,,,,,,,,,,,,,,,,,,,,,,,,,,,,,,,,,,,,,,,,,,,,,,,,,,,,,,,,,,,,,,,,,,,,,,,,,,,,,,,,,,,,,,,,,,,,,,,,,,,,,,,,,,,,,,,,,,
H2092,L9847,L9387,,,,,,,,,,,,,,,,,,,,,,,,,,,,,,,,,,,,,,,,,,,,,,,,,,,,,,,,,,,,,,,,,,,,,,,,,,,,,,,,,,,,,,,,,,,,,,,,,,,,,,,,,,,,,,,,,,,,,,,,,,,,,,,,
L9967,H2094,,,,,,,,,,,,,,,,,,,,,,,,,,,,,,,,,,,,,,,,,,,,,,,,,,,,,,,,,,,,,,,,,,,,,,,,,,,,,,,,,,,,,,,,,,,,,,,,,,,,,,,,,,,,,,,,,,,,,,,,,,,,,,,,,
H2534,H2096,L6820,H2489,L10038,L9201,,,,,,,,,,,,,,,,,,,,,,,,,,,,,,,,,,,,,,,,,,,,,,,,,,,,,,,,,,,,,,,,,,,,,,,,,,,,,,,,,,,,,,,,,,,,,,,,,,,,,,,,,,,,,,,,,,,,,,,,,,,,,
H2390,L9125,H2110,,,,,,,,,,,,,,,,,,,,,,,,,,,,,,,,,,,,,,,,,,,,,,,,,,,,,,,,,,,,,,,,,,,,,,,,,,,,,,,,,,,,,,,,,,,,,,,,,,,,,,,,,,,,,,,,,,,,,,,,,,,,,,,,
L9296,L9258,H2115,,,,,,,,,,,,,,,,,,,,,,,,,,,,,,,,,,,,,,,,,,,,,,,,,,,,,,,,,,,,,,,,,,,,,,,,,,,,,,,,,,,,,,,,,,,,,,,,,,,,,,,,,,,,,,,,,,,,,,,,,,,,,,,,
H2161,L6589,L9704,,,,,,,,,,,,,,,,,,,,,,,,,,,,,,,,,,,,,,,,,,,,,,,,,,,,,,,,,,,,,,,,,,,,,,,,,,,,,,,,,,,,,,,,,,,,,,,,,,,,,,,,,,,,,,,,,,,,,,,,,,,,,,,,
H2169,L9612,,,,,,,,,,,,,,,,,,,,,,,,,,,,,,,,,,,,,,,,,,,,,,,,,,,,,,,,,,,,,,,,,,,,,,,,,,,,,,,,,,,,,,,,,,,,,,,,,,,,,,,,,,,,,,,,,,,,,,,,,,,,,,,,,
H2208,L6572,,,,,,,,,,,,,,,,,,,,,,,,,,,,,,,,,,,,,,,,,,,,,,,,,,,,,,,,,,,,,,,,,,,,,,,,,,,,,,,,,,,,,,,,,,,,,,,,,,,,,,,,,,,,,,,,,,,,,,,,,,,,,,,,,
L9312,H2220,,,,,,,,,,,,,,,,,,,,,,,,,,,,,,,,,,,,,,,,,,,,,,,,,,,,,,,,,,,,,,,,,,,,,,,,,,,,,,,,,,,,,,,,,,,,,,,,,,,,,,,,,,,,,,,,,,,,,,,,,,,,,,,,,
H2233,L7014,,,,,,,,,,,,,,,,,,,,,,,,,,,,,,,,,,,,,,,,,,,,,,,,,,,,,,,,,,,,,,,,,,,,,,,,,,,,,,,,,,,,,,,,,,,,,,,,,,,,,,,,,,,,,,,,,,,,,,,,,,,,,,,,,
L9934,H2264,,,,,,,,,,,,,,,,,,,,,,,,,,,,,,,,,,,,,,,,,,,,,,,,,,,,,,,,,,,,,,,,,,,,,,,,,,,,,,,,,,,,,,,,,,,,,,,,,,,,,,,,,,,,,,,,,,,,,,,,,,,,,,,,,
L9877,H2293,,,,,,,,,,,,,,,,,,,,,,,,,,,,,,,,,,,,,,,,,,,,,,,,,,,,,,,,,,,,,,,,,,,,,,,,,,,,,,,,,,,,,,,,,,,,,,,,,,,,,,,,,,,,,,,,,,,,,,,,,,,,,,,,,
L1107,H2294,,,,,,,,,,,,,,,,,,,,,,,,,,,,,,,,,,,,,,,,,,,,,,,,,,,,,,,,,,,,,,,,,,,,,,,,,,,,,,,,,,,,,,,,,,,,,,,,,,,,,,,,,,,,,,,,,,,,,,,,,,,,,,,,,
L8758,H2348,,,,,,,,,,,,,,,,,,,,,,,,,,,,,,,,,,,,,,,,,,,,,,,,,,,,,,,,,,,,,,,,,,,,,,,,,,,,,,,,,,,,,,,,,,,,,,,,,,,,,,,,,,,,,,,,,,,,,,,,,,,,,,,,,
H2349,L9756,,,,,,,,,,,,,,,,,,,,,,,,,,,,,,,,,,,,,,,,,,,,,,,,,,,,,,,,,,,,,,,,,,,,,,,,,,,,,,,,,,,,,,,,,,,,,,,,,,,,,,,,,,,,,,,,,,,,,,,,,,,,,,,,,
H4930,L9986,L8949,L7457,H3754,H8963,H5065,H10062,H2883,H2350,,,,,,,,,,,,,,,,,,,,,,,,,,,,,,,,,,,,,,,,,,,,,,,,,,,,,,,,,,,,,,,,,,,,,,,,,,,,,,,,,,,,,,,,,,,,,,,,,,,,,,,,,,,,,,,,,,,,,,,,,
L9632,H2368,,,,,,,,,,,,,,,,,,,,,,,,,,,,,,,,,,,,,,,,,,,,,,,,,,,,,,,,,,,,,,,,,,,,,,,,,,,,,,,,,,,,,,,,,,,,,,,,,,,,,,,,,,,,,,,,,,,,,,,,,,,,,,,,,
H2372,L6326,,,,,,,,,,,,,,,,,,,,,,,,,,,,,,,,,,,,,,,,,,,,,,,,,,,,,,,,,,,,,,,,,,,,,,,,,,,,,,,,,,,,,,,,,,,,,,,,,,,,,,,,,,,,,,,,,,,,,,,,,,,,,,,,,
H5586,L6221,L10250,H2393,,,,,,,,,,,,,,,,,,,,,,,,,,,,,,,,,,,,,,,,,,,,,,,,,,,,,,,,,,,,,,,,,,,,,,,,,,,,,,,,,,,,,,,,,,,,,,,,,,,,,,,,,,,,,,,,,,,,,,,,,,,,,,,
H2403,L10342,,,,,,,,,,,,,,,,,,,,,,,,,,,,,,,,,,,,,,,,,,,,,,,,,,,,,,,,,,,,,,,,,,,,,,,,,,,,,,,,,,,,,,,,,,,,,,,,,,,,,,,,,,,,,,,,,,,,,,,,,,,,,,,,,
L7283,H2430,,,,,,,,,,,,,,,,,,,,,,,,,,,,,,,,,,,,,,,,,,,,,,,,,,,,,,,,,,,,,,,,,,,,,,,,,,,,,,,,,,,,,,,,,,,,,,,,,,,,,,,,,,,,,,,,,,,,,,,,,,,,,,,,,
L9871,H2447,,,,,,,,,,,,,,,,,,,,,,,,,,,,,,,,,,,,,,,,,,,,,,,,,,,,,,,,,,,,,,,,,,,,,,,,,,,,,,,,,,,,,,,,,,,,,,,,,,,,,,,,,,,,,,,,,,,,,,,,,,,,,,,,,
H2459,L9016,,,,,,,,,,,,,,,,,,,,,,,,,,,,,,,,,,,,,,,,,,,,,,,,,,,,,,,,,,,,,,,,,,,,,,,,,,,,,,,,,,,,,,,,,,,,,,,,,,,,,,,,,,,,,,,,,,,,,,,,,,,,,,,,,
L9999,H2469,,,,,,,,,,,,,,,,,,,,,,,,,,,,,,,,,,,,,,,,,,,,,,,,,,,,,,,,,,,,,,,,,,,,,,,,,,,,,,,,,,,,,,,,,,,,,,,,,,,,,,,,,,,,,,,,,,,,,,,,,,,,,,,,,
L9173,H2517,,,,,,,,,,,,,,,,,,,,,,,,,,,,,,,,,,,,,,,,,,,,,,,,,,,,,,,,,,,,,,,,,,,,,,,,,,,,,,,,,,,,,,,,,,,,,,,,,,,,,,,,,,,,,,,,,,,,,,,,,,,,,,,,,
H2545,H5631,H5403,L10248,,,,,,,,,,,,,,,,,,,,,,,,,,,,,,,,,,,,,,,,,,,,,,,,,,,,,,,,,,,,,,,,,,,,,,,,,,,,,,,,,,,,,,,,,,,,,,,,,,,,,,,,,,,,,,,,,,,,,,,,,,,,,,,
H2556,L7102,,,,,,,,,,,,,,,,,,,,,,,,,,,,,,,,,,,,,,,,,,,,,,,,,,,,,,,,,,,,,,,,,,,,,,,,,,,,,,,,,,,,,,,,,,,,,,,,,,,,,,,,,,,,,,,,,,,,,,,,,,,,,,,,,
L7323,H2580,,,,,,,,,,,,,,,,,,,,,,,,,,,,,,,,,,,,,,,,,,,,,,,,,,,,,,,,,,,,,,,,,,,,,,,,,,,,,,,,,,,,,,,,,,,,,,,,,,,,,,,,,,,,,,,,,,,,,,,,,,,,,,,,,
H7933,H2693,L8996,H5623,,,,,,,,,,,,,,,,,,,,,,,,,,,,,,,,,,,,,,,,,,,,,,,,,,,,,,,,,,,,,,,,,,,,,,,,,,,,,,,,,,,,,,,,,,,,,,,,,,,,,,,,,,,,,,,,,,,,,,,,,,,,,,,
H5517,H8211,H2738,L7125,,,,,,,,,,,,,,,,,,,,,,,,,,,,,,,,,,,,,,,,,,,,,,,,,,,,,,,,,,,,,,,,,,,,,,,,,,,,,,,,,,,,,,,,,,,,,,,,,,,,,,,,,,,,,,,,,,,,,,,,,,,,,,,
H4853,H2980,H5256,L7276,L7082,H3219,H4320,H2759,,,,,,,,,,,,,,,,,,,,,,,,,,,,,,,,,,,,,,,,,,,,,,,,,,,,,,,,,,,,,,,,,,,,,,,,,,,,,,,,,,,,,,,,,,,,,,,,,,,,,,,,,,,,,,,,,,,,,,,,,,,
L6719,H2839,H8258,L6651,L7328,,,,,,,,,,,,,,,,,,,,,,,,,,,,,,,,,,,,,,,,,,,,,,,,,,,,,,,,,,,,,,,,,,,,,,,,,,,,,,,,,,,,,,,,,,,,,,,,,,,,,,,,,,,,,,,,,,,,,,,,,,,,,,
L6713,H3003,,,,,,,,,,,,,,,,,,,,,,,,,,,,,,,,,,,,,,,,,,,,,,,,,,,,,,,,,,,,,,,,,,,,,,,,,,,,,,,,,,,,,,,,,,,,,,,,,,,,,,,,,,,,,,,,,,,,,,,,,,,,,,,,,
H7983,H3124,H9040,L7409,H5531,,,,,,,,,,,,,,,,,,,,,,,,,,,,,,,,,,,,,,,,,,,,,,,,,,,,,,,,,,,,,,,,,,,,,,,,,,,,,,,,,,,,,,,,,,,,,,,,,,,,,,,,,,,,,,,,,,,,,,,,,,,,,,
H3161,H8268,H3126,L9571,L6783,,,,,,,,,,,,,,,,,,,,,,,,,,,,,,,,,,,,,,,,,,,,,,,,,,,,,,,,,,,,,,,,,,,,,,,,,,,,,,,,,,,,,,,,,,,,,,,,,,,,,,,,,,,,,,,,,,,,,,,,,,,,,,
L9353,H4337,H3128,,,,,,,,,,,,,,,,,,,,,,,,,,,,,,,,,,,,,,,,,,,,,,,,,,,,,,,,,,,,,,,,,,,,,,,,,,,,,,,,,,,,,,,,,,,,,,,,,,,,,,,,,,,,,,,,,,,,,,,,,,,,,,,,
L6211,H3299,H6601,H5096,,,,,,,,,,,,,,,,,,,,,,,,,,,,,,,,,,,,,,,,,,,,,,,,,,,,,,,,,,,,,,,,,,,,,,,,,,,,,,,,,,,,,,,,,,,,,,,,,,,,,,,,,,,,,,,,,,,,,,,,,,,,,,,
H3309,H5534,H4023,L6164,,,,,,,,,,,,,,,,,,,,,,,,,,,,,,,,,,,,,,,,,,,,,,,,,,,,,,,,,,,,,,,,,,,,,,,,,,,,,,,,,,,,,,,,,,,,,,,,,,,,,,,,,,,,,,,,,,,,,,,,,,,,,,,
L9287,H5618,L9130,L9496,H5332,H3959,H3314,H9334,H7858,,,,,,,,,,,,,,,,,,,,,,,,,,,,,,,,,,,,,,,,,,,,,,,,,,,,,,,,,,,,,,,,,,,,,,,,,,,,,,,,,,,,,,,,,,,,,,,,,,,,,,,,,,,,,,,,,,,,,,,,,,
H3315,L6341,,,,,,,,,,,,,,,,,,,,,,,,,,,,,,,,,,,,,,,,,,,,,,,,,,,,,,,,,,,,,,,,,,,,,,,,,,,,,,,,,,,,,,,,,,,,,,,,,,,,,,,,,,,,,,,,,,,,,,,,,,,,,,,,,
L6916,H7275,H8744,H6475,H3398,L6329,H9685,,,,,,,,,,,,,,,,,,,,,,,,,,,,,,,,,,,,,,,,,,,,,,,,,,,,,,,,,,,,,,,,,,,,,,,,,,,,,,,,,,,,,,,,,,,,,,,,,,,,,,,,,,,,,,,,,,,,,,,,,,,,
H5555,L622,H9352,H5671,L7194,H3476,L273,L6620,,,,,,,,,,,,,,,,,,,,,,,,,,,,,,,,,,,,,,,,,,,,,,,,,,,,,,,,,,,,,,,,,,,,,,,,,,,,,,,,,,,,,,,,,,,,,,,,,,,,,,,,,,,,,,,,,,,,,,,,,,,
L6289,H3546,,,,,,,,,,,,,,,,,,,,,,,,,,,,,,,,,,,,,,,,,,,,,,,,,,,,,,,,,,,,,,,,,,,,,,,,,,,,,,,,,,,,,,,,,,,,,,,,,,,,,,,,,,,,,,,,,,,,,,,,,,,,,,,,,
H5266,L9480,H4413,H7473,L6959,H3564,H5216,,,,,,,,,,,,,,,,,,,,,,,,,,,,,,,,,,,,,,,,,,,,,,,,,,,,,,,,,,,,,,,,,,,,,,,,,,,,,,,,,,,,,,,,,,,,,,,,,,,,,,,,,,,,,,,,,,,,,,,,,,,,
H3718,L9546,,,,,,,,,,,,,,,,,,,,,,,,,,,,,,,,,,,,,,,,,,,,,,,,,,,,,,,,,,,,,,,,,,,,,,,,,,,,,,,,,,,,,,,,,,,,,,,,,,,,,,,,,,,,,,,,,,,,,,,,,,,,,,,,,
H9600,L6461,H3849,,,,,,,,,,,,,,,,,,,,,,,,,,,,,,,,,,,,,,,,,,,,,,,,,,,,,,,,,,,,,,,,,,,,,,,,,,,,,,,,,,,,,,,,,,,,,,,,,,,,,,,,,,,,,,,,,,,,,,,,,,,,,,,,
L6342,H6662,H9694,H4880,H5753,H7726,H7779,L6723,H7300,L6551,H7363,L8941,H4009,L7004,L748,,,,,,,,,,,,,,,,,,,,,,,,,,,,,,,,,,,,,,,,,,,,,,,,,,,,,,,,,,,,,,,,,,,,,,,,,,,,,,,,,,,,,,,,,,,,,,,,,,,,,,,,,,,,,,,,,,,,
L7063,H4057,,,,,,,,,,,,,,,,,,,,,,,,,,,,,,,,,,,,,,,,,,,,,,,,,,,,,,,,,,,,,,,,,,,,,,,,,,,,,,,,,,,,,,,,,,,,,,,,,,,,,,,,,,,,,,,,,,,,,,,,,,,,,,,,,
L6847,H4108,,,,,,,,,,,,,,,,,,,,,,,,,,,,,,,,,,,,,,,,,,,,,,,,,,,,,,,,,,,,,,,,,,,,,,,,,,,,,,,,,,,,,,,,,,,,,,,,,,,,,,,,,,,,,,,,,,,,,,,,,,,,,,,,,
H7511,L7463,H4148,,,,,,,,,,,,,,,,,,,,,,,,,,,,,,,,,,,,,,,,,,,,,,,,,,,,,,,,,,,,,,,,,,,,,,,,,,,,,,,,,,,,,,,,,,,,,,,,,,,,,,,,,,,,,,,,,,,,,,,,,,,,,,,,
H4161,L6969,,,,,,,,,,,,,,,,,,,,,,,,,,,,,,,,,,,,,,,,,,,,,,,,,,,,,,,,,,,,,,,,,,,,,,,,,,,,,,,,,,,,,,,,,,,,,,,,,,,,,,,,,,,,,,,,,,,,,,,,,,,,,,,,,
H8964,L6871,L6351,H8721,H4319,,,,,,,,,,,,,,,,,,,,,,,,,,,,,,,,,,,,,,,,,,,,,,,,,,,,,,,,,,,,,,,,,,,,,,,,,,,,,,,,,,,,,,,,,,,,,,,,,,,,,,,,,,,,,,,,,,,,,,,,,,,,,,
L6867,H9338,H8426,L6244,H4364,H5234,,,,,,,,,,,,,,,,,,,,,,,,,,,,,,,,,,,,,,,,,,,,,,,,,,,,,,,,,,,,,,,,,,,,,,,,,,,,,,,,,,,,,,,,,,,,,,,,,,,,,,,,,,,,,,,,,,,,,,,,,,,,,
L7200,H4402,,,,,,,,,,,,,,,,,,,,,,,,,,,,,,,,,,,,,,,,,,,,,,,,,,,,,,,,,,,,,,,,,,,,,,,,,,,,,,,,,,,,,,,,,,,,,,,,,,,,,,,,,,,,,,,,,,,,,,,,,,,,,,,,,
H5125,H4474,L10228,H5417,L8733,H6034,L6869,H5687,,,,,,,,,,,,,,,,,,,,,,,,,,,,,,,,,,,,,,,,,,,,,,,,,,,,,,,,,,,,,,,,,,,,,,,,,,,,,,,,,,,,,,,,,,,,,,,,,,,,,,,,,,,,,,,,,,,,,,,,,,,
L65,H5450,H7386,H8800,H4493,H9221,L6627,H8546,H5580,H6718,,,,,,,,,,,,,,,,,,,,,,,,,,,,,,,,,,,,,,,,,,,,,,,,,,,,,,,,,,,,,,,,,,,,,,,,,,,,,,,,,,,,,,,,,,,,,,,,,,,,,,,,,,,,,,,,,,,,,,,,,
L7269,H4503,,,,,,,,,,,,,,,,,,,,,,,,,,,,,,,,,,,,,,,,,,,,,,,,,,,,,,,,,,,,,,,,,,,,,,,,,,,,,,,,,,,,,,,,,,,,,,,,,,,,,,,,,,,,,,,,,,,,,,,,,,,,,,,,,
L9335,H4511,,,,,,,,,,,,,,,,,,,,,,,,,,,,,,,,,,,,,,,,,,,,,,,,,,,,,,,,,,,,,,,,,,,,,,,,,,,,,,,,,,,,,,,,,,,,,,,,,,,,,,,,,,,,,,,,,,,,,,,,,,,,,,,,,
H9421,L6548,H4688,,,,,,,,,,,,,,,,,,,,,,,,,,,,,,,,,,,,,,,,,,,,,,,,,,,,,,,,,,,,,,,,,,,,,,,,,,,,,,,,,,,,,,,,,,,,,,,,,,,,,,,,,,,,,,,,,,,,,,,,,,,,,,,,
H9417,H4774,L6952,,,,,,,,,,,,,,,,,,,,,,,,,,,,,,,,,,,,,,,,,,,,,,,,,,,,,,,,,,,,,,,,,,,,,,,,,,,,,,,,,,,,,,,,,,,,,,,,,,,,,,,,,,,,,,,,,,,,,,,,,,,,,,,,
H4782,L6966,,,,,,,,,,,,,,,,,,,,,,,,,,,,,,,,,,,,,,,,,,,,,,,,,,,,,,,,,,,,,,,,,,,,,,,,,,,,,,,,,,,,,,,,,,,,,,,,,,,,,,,,,,,,,,,,,,,,,,,,,,,,,,,,,
H4973,L6570,L6309,H5760,,,,,,,,,,,,,,,,,,,,,,,,,,,,,,,,,,,,,,,,,,,,,,,,,,,,,,,,,,,,,,,,,,,,,,,,,,,,,,,,,,,,,,,,,,,,,,,,,,,,,,,,,,,,,,,,,,,,,,,,,,,,,,,
L9580,H4984,,,,,,,,,,,,,,,,,,,,,,,,,,,,,,,,,,,,,,,,,,,,,,,,,,,,,,,,,,,,,,,,,,,,,,,,,,,,,,,,,,,,,,,,,,,,,,,,,,,,,,,,,,,,,,,,,,,,,,,,,,,,,,,,,
H5104,L6558,L9418,,,,,,,,,,,,,,,,,,,,,,,,,,,,,,,,,,,,,,,,,,,,,,,,,,,,,,,,,,,,,,,,,,,,,,,,,,,,,,,,,,,,,,,,,,,,,,,,,,,,,,,,,,,,,,,,,,,,,,,,,,,,,,,,
H5191,L6487,,,,,,,,,,,,,,,,,,,,,,,,,,,,,,,,,,,,,,,,,,,,,,,,,,,,,,,,,,,,,,,,,,,,,,,,,,,,,,,,,,,,,,,,,,,,,,,,,,,,,,,,,,,,,,,,,,,,,,,,,,,,,,,,,
L6691,H5218,,,,,,,,,,,,,,,,,,,,,,,,,,,,,,,,,,,,,,,,,,,,,,,,,,,,,,,,,,,,,,,,,,,,,,,,,,,,,,,,,,,,,,,,,,,,,,,,,,,,,,,,,,,,,,,,,,,,,,,,,,,,,,,,,
H5338,L9031,,,,,,,,,,,,,,,,,,,,,,,,,,,,,,,,,,,,,,,,,,,,,,,,,,,,,,,,,,,,,,,,,,,,,,,,,,,,,,,,,,,,,,,,,,,,,,,,,,,,,,,,,,,,,,,,,,,,,,,,,,,,,,,,,
H8452,H5385,L7199,,,,,,,,,,,,,,,,,,,,,,,,,,,,,,,,,,,,,,,,,,,,,,,,,,,,,,,,,,,,,,,,,,,,,,,,,,,,,,,,,,,,,,,,,,,,,,,,,,,,,,,,,,,,,,,,,,,,,,,,,,,,,,,,
H5464,L6539,,,,,,,,,,,,,,,,,,,,,,,,,,,,,,,,,,,,,,,,,,,,,,,,,,,,,,,,,,,,,,,,,,,,,,,,,,,,,,,,,,,,,,,,,,,,,,,,,,,,,,,,,,,,,,,,,,,,,,,,,,,,,,,,,
H5476,L9570,,,,,,,,,,,,,,,,,,,,,,,,,,,,,,,,,,,,,,,,,,,,,,,,,,,,,,,,,,,,,,,,,,,,,,,,,,,,,,,,,,,,,,,,,,,,,,,,,,,,,,,,,,,,,,,,,,,,,,,,,,,,,,,,,
L7300,H5488,,,,,,,,,,,,,,,,,,,,,,,,,,,,,,,,,,,,,,,,,,,,,,,,,,,,,,,,,,,,,,,,,,,,,,,,,,,,,,,,,,,,,,,,,,,,,,,,,,,,,,,,,,,,,,,,,,,,,,,,,,,,,,,,,
H5602,L9468,,,,,,,,,,,,,,,,,,,,,,,,,,,,,,,,,,,,,,,,,,,,,,,,,,,,,,,,,,,,,,,,,,,,,,,,,,,,,,,,,,,,,,,,,,,,,,,,,,,,,,,,,,,,,,,,,,,,,,,,,,,,,,,,,
L6324,H5670,,,,,,,,,,,,,,,,,,,,,,,,,,,,,,,,,,,,,,,,,,,,,,,,,,,,,,,,,,,,,,,,,,,,,,,,,,,,,,,,,,,,,,,,,,,,,,,,,,,,,,,,,,,,,,,,,,,,,,,,,,,,,,,,,
H5700,L9861,L8976,,,,,,,,,,,,,,,,,,,,,,,,,,,,,,,,,,,,,,,,,,,,,,,,,,,,,,,,,,,,,,,,,,,,,,,,,,,,,,,,,,,,,,,,,,,,,,,,,,,,,,,,,,,,,,,,,,,,,,,,,,,,,,,,
H5713,L6788,,,,,,,,,,,,,,,,,,,,,,,,,,,,,,,,,,,,,,,,,,,,,,,,,,,,,,,,,,,,,,,,,,,,,,,,,,,,,,,,,,,,,,,,,,,,,,,,,,,,,,,,,,,,,,,,,,,,,,,,,,,,,,,,,
L9885,H5717,,,,,,,,,,,,,,,,,,,,,,,,,,,,,,,,,,,,,,,,,,,,,,,,,,,,,,,,,,,,,,,,,,,,,,,,,,,,,,,,,,,,,,,,,,,,,,,,,,,,,,,,,,,,,,,,,,,,,,,,,,,,,,,,,
L9775,H5801,,,,,,,,,,,,,,,,,,,,,,,,,,,,,,,,,,,,,,,,,,,,,,,,,,,,,,,,,,,,,,,,,,,,,,,,,,,,,,,,,,,,,,,,,,,,,,,,,,,,,,,,,,,,,,,,,,,,,,,,,,,,,,,,,
L10036,H5868,,,,,,,,,,,,,,,,,,,,,,,,,,,,,,,,,,,,,,,,,,,,,,,,,,,,,,,,,,,,,,,,,,,,,,,,,,,,,,,,,,,,,,,,,,,,,,,,,,,,,,,,,,,,,,,,,,,,,,,,,,,,,,,,,
H12387,H6166,L9905,,,,,,,,,,,,,,,,,,,,,,,,,,,,,,,,,,,,,,,,,,,,,,,,,,,,,,,,,,,,,,,,,,,,,,,,,,,,,,,,,,,,,,,,,,,,,,,,,,,,,,,,,,,,,,,,,,,,,,,,,,,,,,,,
H6307,L10193,,,,,,,,,,,,,,,,,,,,,,,,,,,,,,,,,,,,,,,,,,,,,,,,,,,,,,,,,,,,,,,,,,,,,,,,,,,,,,,,,,,,,,,,,,,,,,,,,,,,,,,,,,,,,,,,,,,,,,,,,,,,,,,,,
L7284,H6462,,,,,,,,,,,,,,,,,,,,,,,,,,,,,,,,,,,,,,,,,,,,,,,,,,,,,,,,,,,,,,,,,,,,,,,,,,,,,,,,,,,,,,,,,,,,,,,,,,,,,,,,,,,,,,,,,,,,,,,,,,,,,,,,,
L7264,H8593,H8377,L6456,L7091,H8319,H9135,H11688,L6960,L987,H8644,H9169,H6486,H6659,,,,,,,,,,,,,,,,,,,,,,,,,,,,,,,,,,,,,,,,,,,,,,,,,,,,,,,,,,,,,,,,,,,,,,,,,,,,,,,,,,,,,,,,,,,,,,,,,,,,,,,,,,,,,,,,,,,,,
H6557,H8151,L6378,,,,,,,,,,,,,,,,,,,,,,,,,,,,,,,,,,,,,,,,,,,,,,,,,,,,,,,,,,,,,,,,,,,,,,,,,,,,,,,,,,,,,,,,,,,,,,,,,,,,,,,,,,,,,,,,,,,,,,,,,,,,,,,,
L6790,H6656,,,,,,,,,,,,,,,,,,,,,,,,,,,,,,,,,,,,,,,,,,,,,,,,,,,,,,,,,,,,,,,,,,,,,,,,,,,,,,,,,,,,,,,,,,,,,,,,,,,,,,,,,,,,,,,,,,,,,,,,,,,,,,,,,
H6913,L6511,,,,,,,,,,,,,,,,,,,,,,,,,,,,,,,,,,,,,,,,,,,,,,,,,,,,,,,,,,,,,,,,,,,,,,,,,,,,,,,,,,,,,,,,,,,,,,,,,,,,,,,,,,,,,,,,,,,,,,,,,,,,,,,,,
H7302,L7454,,,,,,,,,,,,,,,,,,,,,,,,,,,,,,,,,,,,,,,,,,,,,,,,,,,,,,,,,,,,,,,,,,,,,,,,,,,,,,,,,,,,,,,,,,,,,,,,,,,,,,,,,,,,,,,,,,,,,,,,,,,,,,,,,
H7322,H8412,H9014,H8241,L6824,,,,,,,,,,,,,,,,,,,,,,,,,,,,,,,,,,,,,,,,,,,,,,,,,,,,,,,,,,,,,,,,,,,,,,,,,,,,,,,,,,,,,,,,,,,,,,,,,,,,,,,,,,,,,,,,,,,,,,,,,,,,,,
L6746,H7376,H8677,L1012,L6545,L7207,L7326,,,,,,,,,,,,,,,,,,,,,,,,,,,,,,,,,,,,,,,,,,,,,,,,,,,,,,,,,,,,,,,,,,,,,,,,,,,,,,,,,,,,,,,,,,,,,,,,,,,,,,,,,,,,,,,,,,,,,,,,,,,,
L6224,H7414,,,,,,,,,,,,,,,,,,,,,,,,,,,,,,,,,,,,,,,,,,,,,,,,,,,,,,,,,,,,,,,,,,,,,,,,,,,,,,,,,,,,,,,,,,,,,,,,,,,,,,,,,,,,,,,,,,,,,,,,,,,,,,,,,
L6284,H7520,H7420,,,,,,,,,,,,,,,,,,,,,,,,,,,,,,,,,,,,,,,,,,,,,,,,,,,,,,,,,,,,,,,,,,,,,,,,,,,,,,,,,,,,,,,,,,,,,,,,,,,,,,,,,,,,,,,,,,,,,,,,,,,,,,,,
L6407,H7431,,,,,,,,,,,,,,,,,,,,,,,,,,,,,,,,,,,,,,,,,,,,,,,,,,,,,,,,,,,,,,,,,,,,,,,,,,,,,,,,,,,,,,,,,,,,,,,,,,,,,,,,,,,,,,,,,,,,,,,,,,,,,,,,,
H7434,L7109,,,,,,,,,,,,,,,,,,,,,,,,,,,,,,,,,,,,,,,,,,,,,,,,,,,,,,,,,,,,,,,,,,,,,,,,,,,,,,,,,,,,,,,,,,,,,,,,,,,,,,,,,,,,,,,,,,,,,,,,,,,,,,,,,
H7453,L6452,,,,,,,,,,,,,,,,,,,,,,,,,,,,,,,,,,,,,,,,,,,,,,,,,,,,,,,,,,,,,,,,,,,,,,,,,,,,,,,,,,,,,,,,,,,,,,,,,,,,,,,,,,,,,,,,,,,,,,,,,,,,,,,,,
L6154,H8891,H7479,,,,,,,,,,,,,,,,,,,,,,,,,,,,,,,,,,,,,,,,,,,,,,,,,,,,,,,,,,,,,,,,,,,,,,,,,,,,,,,,,,,,,,,,,,,,,,,,,,,,,,,,,,,,,,,,,,,,,,,,,,,,,,,,
H7489,L7311,,,,,,,,,,,,,,,,,,,,,,,,,,,,,,,,,,,,,,,,,,,,,,,,,,,,,,,,,,,,,,,,,,,,,,,,,,,,,,,,,,,,,,,,,,,,,,,,,,,,,,,,,,,,,,,,,,,,,,,,,,,,,,,,,
H7509,L6196,,,,,,,,,,,,,,,,,,,,,,,,,,,,,,,,,,,,,,,,,,,,,,,,,,,,,,,,,,,,,,,,,,,,,,,,,,,,,,,,,,,,,,,,,,,,,,,,,,,,,,,,,,,,,,,,,,,,,,,,,,,,,,,,,
H7556,L7381,,,,,,,,,,,,,,,,,,,,,,,,,,,,,,,,,,,,,,,,,,,,,,,,,,,,,,,,,,,,,,,,,,,,,,,,,,,,,,,,,,,,,,,,,,,,,,,,,,,,,,,,,,,,,,,,,,,,,,,,,,,,,,,,,
L7310,H7557,,,,,,,,,,,,,,,,,,,,,,,,,,,,,,,,,,,,,,,,,,,,,,,,,,,,,,,,,,,,,,,,,,,,,,,,,,,,,,,,,,,,,,,,,,,,,,,,,,,,,,,,,,,,,,,,,,,,,,,,,,,,,,,,,
L7414,H7739,H8883,,,,,,,,,,,,,,,,,,,,,,,,,,,,,,,,,,,,,,,,,,,,,,,,,,,,,,,,,,,,,,,,,,,,,,,,,,,,,,,,,,,,,,,,,,,,,,,,,,,,,,,,,,,,,,,,,,,,,,,,,,,,,,,,
H7809,L129,,,,,,,,,,,,,,,,,,,,,,,,,,,,,,,,,,,,,,,,,,,,,,,,,,,,,,,,,,,,,,,,,,,,,,,,,,,,,,,,,,,,,,,,,,,,,,,,,,,,,,,,,,,,,,,,,,,,,,,,,,,,,,,,,
H7818,L7186,,,,,,,,,,,,,,,,,,,,,,,,,,,,,,,,,,,,,,,,,,,,,,,,,,,,,,,,,,,,,,,,,,,,,,,,,,,,,,,,,,,,,,,,,,,,,,,,,,,,,,,,,,,,,,,,,,,,,,,,,,,,,,,,,
L7333,H7829,,,,,,,,,,,,,,,,,,,,,,,,,,,,,,,,,,,,,,,,,,,,,,,,,,,,,,,,,,,,,,,,,,,,,,,,,,,,,,,,,,,,,,,,,,,,,,,,,,,,,,,,,,,,,,,,,,,,,,,,,,,,,,,,,
L6855,L6694,H7840,,,,,,,,,,,,,,,,,,,,,,,,,,,,,,,,,,,,,,,,,,,,,,,,,,,,,,,,,,,,,,,,,,,,,,,,,,,,,,,,,,,,,,,,,,,,,,,,,,,,,,,,,,,,,,,,,,,,,,,,,,,,,,,,
H7852,L6876,H8792,,,,,,,,,,,,,,,,,,,,,,,,,,,,,,,,,,,,,,,,,,,,,,,,,,,,,,,,,,,,,,,,,,,,,,,,,,,,,,,,,,,,,,,,,,,,,,,,,,,,,,,,,,,,,,,,,,,,,,,,,,,,,,,,
H7857,L6455,H8478,,,,,,,,,,,,,,,,,,,,,,,,,,,,,,,,,,,,,,,,,,,,,,,,,,,,,,,,,,,,,,,,,,,,,,,,,,,,,,,,,,,,,,,,,,,,,,,,,,,,,,,,,,,,,,,,,,,,,,,,,,,,,,,,
H7886,L6170,,,,,,,,,,,,,,,,,,,,,,,,,,,,,,,,,,,,,,,,,,,,,,,,,,,,,,,,,,,,,,,,,,,,,,,,,,,,,,,,,,,,,,,,,,,,,,,,,,,,,,,,,,,,,,,,,,,,,,,,,,,,,,,,,
H7903,L6318,H8669,,,,,,,,,,,,,,,,,,,,,,,,,,,,,,,,,,,,,,,,,,,,,,,,,,,,,,,,,,,,,,,,,,,,,,,,,,,,,,,,,,,,,,,,,,,,,,,,,,,,,,,,,,,,,,,,,,,,,,,,,,,,,,,,
L6534,H7907,H9025,,,,,,,,,,,,,,,,,,,,,,,,,,,,,,,,,,,,,,,,,,,,,,,,,,,,,,,,,,,,,,,,,,,,,,,,,,,,,,,,,,,,,,,,,,,,,,,,,,,,,,,,,,,,,,,,,,,,,,,,,,,,,,,,
L7462,H7912,,,,,,,,,,,,,,,,,,,,,,,,,,,,,,,,,,,,,,,,,,,,,,,,,,,,,,,,,,,,,,,,,,,,,,,,,,,,,,,,,,,,,,,,,,,,,,,,,,,,,,,,,,,,,,,,,,,,,,,,,,,,,,,,,
H7938,L9267,,,,,,,,,,,,,,,,,,,,,,,,,,,,,,,,,,,,,,,,,,,,,,,,,,,,,,,,,,,,,,,,,,,,,,,,,,,,,,,,,,,,,,,,,,,,,,,,,,,,,,,,,,,,,,,,,,,,,,,,,,,,,,,,,
H7957,L6682,,,,,,,,,,,,,,,,,,,,,,,,,,,,,,,,,,,,,,,,,,,,,,,,,,,,,,,,,,,,,,,,,,,,,,,,,,,,,,,,,,,,,,,,,,,,,,,,,,,,,,,,,,,,,,,,,,,,,,,,,,,,,,,,,
H7998,L7273,,,,,,,,,,,,,,,,,,,,,,,,,,,,,,,,,,,,,,,,,,,,,,,,,,,,,,,,,,,,,,,,,,,,,,,,,,,,,,,,,,,,,,,,,,,,,,,,,,,,,,,,,,,,,,,,,,,,,,,,,,,,,,,,,
L6787,H8033,L6484,,,,,,,,,,,,,,,,,,,,,,,,,,,,,,,,,,,,,,,,,,,,,,,,,,,,,,,,,,,,,,,,,,,,,,,,,,,,,,,,,,,,,,,,,,,,,,,,,,,,,,,,,,,,,,,,,,,,,,,,,,,,,,,,
L6315,H8067,,,,,,,,,,,,,,,,,,,,,,,,,,,,,,,,,,,,,,,,,,,,,,,,,,,,,,,,,,,,,,,,,,,,,,,,,,,,,,,,,,,,,,,,,,,,,,,,,,,,,,,,,,,,,,,,,,,,,,,,,,,,,,,,,
L6479,H8071,,,,,,,,,,,,,,,,,,,,,,,,,,,,,,,,,,,,,,,,,,,,,,,,,,,,,,,,,,,,,,,,,,,,,,,,,,,,,,,,,,,,,,,,,,,,,,,,,,,,,,,,,,,,,,,,,,,,,,,,,,,,,,,,,
L7119,H8098,,,,,,,,,,,,,,,,,,,,,,,,,,,,,,,,,,,,,,,,,,,,,,,,,,,,,,,,,,,,,,,,,,,,,,,,,,,,,,,,,,,,,,,,,,,,,,,,,,,,,,,,,,,,,,,,,,,,,,,,,,,,,,,,,
H8142,L6600,L7226,H8842,,,,,,,,,,,,,,,,,,,,,,,,,,,,,,,,,,,,,,,,,,,,,,,,,,,,,,,,,,,,,,,,,,,,,,,,,,,,,,,,,,,,,,,,,,,,,,,,,,,,,,,,,,,,,,,,,,,,,,,,,,,,,,,
L1138,L142,H8154,,,,,,,,,,,,,,,,,,,,,,,,,,,,,,,,,,,,,,,,,,,,,,,,,,,,,,,,,,,,,,,,,,,,,,,,,,,,,,,,,,,,,,,,,,,,,,,,,,,,,,,,,,,,,,,,,,,,,,,,,,,,,,,,
L145,H8170,,,,,,,,,,,,,,,,,,,,,,,,,,,,,,,,,,,,,,,,,,,,,,,,,,,,,,,,,,,,,,,,,,,,,,,,,,,,,,,,,,,,,,,,,,,,,,,,,,,,,,,,,,,,,,,,,,,,,,,,,,,,,,,,,
L6414,H8233,,,,,,,,,,,,,,,,,,,,,,,,,,,,,,,,,,,,,,,,,,,,,,,,,,,,,,,,,,,,,,,,,,,,,,,,,,,,,,,,,,,,,,,,,,,,,,,,,,,,,,,,,,,,,,,,,,,,,,,,,,,,,,,,,
L6893,H9120,H8655,H8333,,,,,,,,,,,,,,,,,,,,,,,,,,,,,,,,,,,,,,,,,,,,,,,,,,,,,,,,,,,,,,,,,,,,,,,,,,,,,,,,,,,,,,,,,,,,,,,,,,,,,,,,,,,,,,,,,,,,,,,,,,,,,,,
H8351,L6932,,,,,,,,,,,,,,,,,,,,,,,,,,,,,,,,,,,,,,,,,,,,,,,,,,,,,,,,,,,,,,,,,,,,,,,,,,,,,,,,,,,,,,,,,,,,,,,,,,,,,,,,,,,,,,,,,,,,,,,,,,,,,,,,,
L6655,H8361,,,,,,,,,,,,,,,,,,,,,,,,,,,,,,,,,,,,,,,,,,,,,,,,,,,,,,,,,,,,,,,,,,,,,,,,,,,,,,,,,,,,,,,,,,,,,,,,,,,,,,,,,,,,,,,,,,,,,,,,,,,,,,,,,
L6285,H8451,,,,,,,,,,,,,,,,,,,,,,,,,,,,,,,,,,,,,,,,,,,,,,,,,,,,,,,,,,,,,,,,,,,,,,,,,,,,,,,,,,,,,,,,,,,,,,,,,,,,,,,,,,,,,,,,,,,,,,,,,,,,,,,,,
L6923,H8536,,,,,,,,,,,,,,,,,,,,,,,,,,,,,,,,,,,,,,,,,,,,,,,,,,,,,,,,,,,,,,,,,,,,,,,,,,,,,,,,,,,,,,,,,,,,,,,,,,,,,,,,,,,,,,,,,,,,,,,,,,,,,,,,,
H8643,L6636,,,,,,,,,,,,,,,,,,,,,,,,,,,,,,,,,,,,,,,,,,,,,,,,,,,,,,,,,,,,,,,,,,,,,,,,,,,,,,,,,,,,,,,,,,,,,,,,,,,,,,,,,,,,,,,,,,,,,,,,,,,,,,,,,
H8790,L6684,,,,,,,,,,,,,,,,,,,,,,,,,,,,,,,,,,,,,,,,,,,,,,,,,,,,,,,,,,,,,,,,,,,,,,,,,,,,,,,,,,,,,,,,,,,,,,,,,,,,,,,,,,,,,,,,,,,,,,,,,,,,,,,,,
H8803,L6593,,,,,,,,,,,,,,,,,,,,,,,,,,,,,,,,,,,,,,,,,,,,,,,,,,,,,,,,,,,,,,,,,,,,,,,,,,,,,,,,,,,,,,,,,,,,,,,,,,,,,,,,,,,,,,,,,,,,,,,,,,,,,,,,,
L6457,H8867,,,,,,,,,,,,,,,,,,,,,,,,,,,,,,,,,,,,,,,,,,,,,,,,,,,,,,,,,,,,,,,,,,,,,,,,,,,,,,,,,,,,,,,,,,,,,,,,,,,,,,,,,,,,,,,,,,,,,,,,,,,,,,,,,
H8958,L6852,,,,,,,,,,,,,,,,,,,,,,,,,,,,,,,,,,,,,,,,,,,,,,,,,,,,,,,,,,,,,,,,,,,,,,,,,,,,,,,,,,,,,,,,,,,,,,,,,,,,,,,,,,,,,,,,,,,,,,,,,,,,,,,,,
H9124,L7345,,,,,,,,,,,,,,,,,,,,,,,,,,,,,,,,,,,,,,,,,,,,,,,,,,,,,,,,,,,,,,,,,,,,,,,,,,,,,,,,,,,,,,,,,,,,,,,,,,,,,,,,,,,,,,,,,,,,,,,,,,,,,,,,,
L6381,L6441,H9162,,,,,,,,,,,,,,,,,,,,,,,,,,,,,,,,,,,,,,,,,,,,,,,,,,,,,,,,,,,,,,,,,,,,,,,,,,,,,,,,,,,,,,,,,,,,,,,,,,,,,,,,,,,,,,,,,,,,,,,,,,,,,,,,
H9209,L6494,,,,,,,,,,,,,,,,,,,,,,,,,,,,,,,,,,,,,,,,,,,,,,,,,,,,,,,,,,,,,,,,,,,,,,,,,,,,,,,,,,,,,,,,,,,,,,,,,,,,,,,,,,,,,,,,,,,,,,,,,,,,,,,,,
H9354,L6554,,,,,,,,,,,,,,,,,,,,,,,,,,,,,,,,,,,,,,,,,,,,,,,,,,,,,,,,,,,,,,,,,,,,,,,,,,,,,,,,,,,,,,,,,,,,,,,,,,,,,,,,,,,,,,,,,,,,,,,,,,,,,,,,,
H9380,L6161,,,,,,,,,,,,,,,,,,,,,,,,,,,,,,,,,,,,,,,,,,,,,,,,,,,,,,,,,,,,,,,,,,,,,,,,,,,,,,,,,,,,,,,,,,,,,,,,,,,,,,,,,,,,,,,,,,,,,,,,,,,,,,,,,
L772,H9391,,,,,,,,,,,,,,,,,,,,,,,,,,,,,,,,,,,,,,,,,,,,,,,,,,,,,,,,,,,,,,,,,,,,,,,,,,,,,,,,,,,,,,,,,,,,,,,,,,,,,,,,,,,,,,,,,,,,,,,,,,,,,,,,,
H9559,L6908,,,,,,,,,,,,,,,,,,,,,,,,,,,,,,,,,,,,,,,,,,,,,,,,,,,,,,,,,,,,,,,,,,,,,,,,,,,,,,,,,,,,,,,,,,,,,,,,,,,,,,,,,,,,,,,,,,,,,,,,,,,,,,,,,
H9591,L6547,,,,,,,,,,,,,,,,,,,,,,,,,,,,,,,,,,,,,,,,,,,,,,,,,,,,,,,,,,,,,,,,,,,,,,,,,,,,,,,,,,,,,,,,,,,,,,,,,,,,,,,,,,,,,,,,,,,,,,,,,,,,,,,,,
H9594,L9559,L8714,,,,,,,,,,,,,,,,,,,,,,,,,,,,,,,,,,,,,,,,,,,,,,,,,,,,,,,,,,,,,,,,,,,,,,,,,,,,,,,,,,,,,,,,,,,,,,,,,,,,,,,,,,,,,,,,,,,,,,,,,,,,,,,,
L9943,H9608,L9439,,,,,,,,,,,,,,,,,,,,,,,,,,,,,,,,,,,,,,,,,,,,,,,,,,,,,,,,,,,,,,,,,,,,,,,,,,,,,,,,,,,,,,,,,,,,,,,,,,,,,,,,,,,,,,,,,,,,,,,,,,,,,,,,
L6895,H9643,,,,,,,,,,,,,,,,,,,,,,,,,,,,,,,,,,,,,,,,,,,,,,,,,,,,,,,,,,,,,,,,,,,,,,,,,,,,,,,,,,,,,,,,,,,,,,,,,,,,,,,,,,,,,,,,,,,,,,,,,,,,,,,,,
H9657,L9077,,,,,,,,,,,,,,,,,,,,,,,,,,,,,,,,,,,,,,,,,,,,,,,,,,,,,,,,,,,,,,,,,,,,,,,,,,,,,,,,,,,,,,,,,,,,,,,,,,,,,,,,,,,,,,,,,,,,,,,,,,,,,,,,,
L6733,H11522,,,,,,,,,,,,,,,,,,,,,,,,,,,,,,,,,,,,,,,,,,,,,,,,,,,,,,,,,,,,,,,,,,,,,,,,,,,,,,,,,,,,,,,,,,,,,,,,,,,,,,,,,,,,,,,,,,,,,,,,,,,,,,,,,
